,Nombres_de_pieces,nbrdeb,superficie,addresse
0,4,3,1000,"Thies, Sénégal"
1,7,3,170,"Mbao, Dakar, Sénégal"
2,8,3,130,"Hann Bel-Air, Dakar, Sénégal"
3,14,4,160,"HLM, Dakar, Sénégal"
4,4,4,150,"Mamelles, Dakar, Sénégal"
5,15,4,130,"Yoff, Dakar, Sénégal"
6,9,5,150,"Mbao, Dakar, Sénégal"
7,5,2,300,"Mbour, Sénégal"
8,4,2,193,"Dakar, Sénégal"
10,4,2,150,"Rufisque, Sénégal"
11,10,5,350,"Rufisque, Sénégal"
14,6,7,500,"Mermoz-Sacré Coeur, Dakar, Sénégal"
15,4,2,150,"Dakar, Sénégal"
17,5,3,122,"Sicap-Liberté, Dakar, Sénégal"
18,4,1,150,"Keur Massar, Sénégal"
20,25,10,1000,"Mermoz-Sacré Coeur, Dakar, Sénégal"
21,6,5,400,"Dakar, Sénégal"
22,6,4,150,"Rufisque, Sénégal"
23,4,5,200,"Mamelles, Dakar, Sénégal"
26,7,5,519,"Point E, Dakar, Sénégal"
27,5,6,600,"Mbour, Sénégal"
30,8,8,250,"Dakar, Sénégal"
32,6,6,257,"Almadies, Dakar, Sénégal"
36,3,4,200,"Sicap Liberté, Dakar, Sénégal"
39,5,4,600,"Mbour, Sénégal"
40,12,5,800,"Toubab Dialao, Sénégal"
41,5,3,460,"Saly, Sénégal"
42,4,3,150,"Sicap Liberté, Dakar, Sénégal"
43,7,3,150,"Yoff, Dakar, Sénégal"
44,4,2,150,"Mbao, Dakar, Sénégal"
46,8,3,223,"Dakar, Sénégal"
47,14,4,150,"Grand Dakar, Dakar, Sénégal"
48,4,3,200,"Sicap Liberté, Dakar, Sénégal"
49,4,3,150,"Dakar, Sénégal"
50,4,2,183,"Dakar, Sénégal"
53,5,2,150,"Dakar, Sénégal"
54,8,6,200,"Dakar-Plateau, Dakar, Sénégal"
55,2,1,150,"Rufisque, Sénégal"
58,4,4,300,"Saly, Sénégal"
60,4,4,300,"Ngor, Dakar, Sénégal"
61,3,2,600,"Saly, Sénégal"
62,8,5,210,"Parcelle Assainies, Dakar, Sénégal"
63,4,2,150,"Mbao, Dakar, Sénégal"
64,8,6,200,"Rufisque, Sénégal"
67,5,6,600,"Mbour, Sénégal"
68,7,5,200,"Dakar Plateau, Dakar, Sénégal"
69,7,6,200,"Yoff, Dakar, Sénégal"
70,10,3,300,"Mbao, Dakar, Sénégal"
71,7,5,241,"Guediawaye, Dakar, Sénégal"
73,16,9,150,"Keur Massar, Sénégal"
77,13,7,192,"Ouakam, Dakar, Sénégal"
78,2,2,150,"Ngor, Dakar, Sénégal"
79,4,3,400,"Mbour, Sénégal"
80,4,3,400,"Mbour, Sénégal"
82,4,2,247,"Guediawaye, Dakar, Sénégal"
83,7,1,250,"Guediawaye, Dakar, Sénégal"
84,3,3,150,"Dakar, Sénégal"
88,9,7,159,"Keur Massar, Sénégal"
90,5,4,250,"Keur Massar, Sénégal"
91,4,2,150,"Hann Bel-Air, Dakar, Sénégal"
92,5,2,225,"Dakar, Sénégal"
93,6,3,150,"Rufisque, Sénégal"
94,4,1,150,"Pikine, Sénégal"
98,9,7,600,"Ouakam, Dakar, Sénégal"
102,11,9,400,"Almadies, Dakar, Sénégal"
103,5,2,500,"Mbour, Sénégal"
104,4,3,900,"Mbour, Sénégal"
106,6,1,175,"Mbao, Dakar, Sénégal"
107,9,7,300,"Almadies, Dakar, Sénégal"
109,8,8,500,"M'bour, Sénégal"
112,3,4,400,"Mbour, Sénégal"
113,8,5,150,"Rufisque, Sénégal"
116,4,2,150,"Rufisque, Sénégal"
117,12,11,306,"Almadies, Dakar, Sénégal"
118,4,3,178,"Rufisque, Sénégal"
119,4,2,150,"Rufisque, Sénégal"
120,10,4,150,"Parcelle Assainies, Dakar, Sénégal"
123,6,4,200,"Dakar, Sénégal"
124,5,2,150,"Dieuppeul-Derklé, Dakar, Sénégal"
125,6,3,200,"Dakar, Sénégal"
126,4,4,25,"Touba, Sénégal"
129,9,7,600,"Mamelles, Dakar, Sénégal"
130,5,5,150,"Keur Massar, Sénégal"
131,6,4,5000,"Saly, Sénégal"
132,8,3,225,"Dakar, Sénégal"
133,4,4,500,"Ziguinchor, Sénégal"
134,4,2,150,"Dakar, Sénégal"
138,4,2,3000,"Sicap Liberté, Dakar, Sénégal"
139,7,3,600,"Saly, Sénégal"
140,4,2,150,"Rufisque, Sénégal"
141,5,6,600,"Dakar, Sénégal"
142,5,2,847,"Hann Bel-Air, Dakar, Sénégal"
145,9,7,386,"Mermoz-Sacré Coeur, Dakar, Sénégal"
146,5,3,550,"Mbour, Sénégal"
148,4,3,180,"Ouakam, Dakar, Sénégal"
149,14,8,292,"Saly, Sénégal"
150,3,3,200,"Dakar, Sénégal"
153,5,3,200,"Dakar, Sénégal"
156,3,2,300,"Mbour, Sénégal"
157,5,3,150,"Rufisque, Sénégal"
158,4,1,153,"Keur Massar, Sénégal"
159,3,3,225,"Thies, Sénégal"
162,7,3,160,"Guediawaye, Dakar, Sénégal"
163,10,7,470,"Mermoz-Sacré Coeur, Dakar, Sénégal"
167,4,3,500,"Mbour, Sénégal"
168,7,2,150,"Geule Tapée, Dakar, Sénégal"
169,10,8,450,"Mermoz-Sacré Coeur, Dakar, Sénégal"
172,11,8,400,"Hann Bel-Air, Dakar, Sénégal"
173,9,4,150,"Parcelle Assainies, Dakar, Sénégal"
174,4,4,600,"Saly, Sénégal"
175,7,5,176,"Mermoz-Sacré Coeur, Dakar, Sénégal"
177,8,4,200,"Dakar, Sénégal"
178,7,7,200,"Mamelles, Dakar, Sénégal"
179,4,2,150,"Keur Massar, Sénégal"
180,3,7,600,"Mamelles, Dakar, Sénégal"
183,7,5,200,"Sicap Liberté, Dakar, Sénégal"
188,8,4,300,"Mbour, Sénégal"
189,4,3,150,"Mbao, Dakar, Sénégal"
190,7,8,150,"Mbao, Dakar, Sénégal"
191,4,3,150,"Keur Massar, Sénégal"
192,3,2,150,"Keur Massar, Sénégal"
194,10,4,180,"Hann Bel-Air, Dakar, Sénégal"
195,8,2,200,"Dakar, Sénégal"
196,7,4,535,"Saly, Sénégal"
197,4,4,600,"M'bour, Sénégal"
198,3,4,1000,"Mbour, Sénégal"
201,4,2,150,"Rufisque, Sénégal"
203,7,6,500,"Almadies, Dakar, Sénégal"
204,12,2,150,"Guediawaye, Dakar, Sénégal"
205,4,4,1350,"Saly, Sénégal"
206,4,4,600,"Saly, Sénégal"
207,3,3,350,"Dakar, Sénégal"
208,19,4,495,"Dakar, Sénégal"
211,6,6,250,"Almadies, Dakar, Sénégal"
212,9,6,250,"Sicap Liberté, Dakar, Sénégal"
213,4,4,180,"Dakar, Sénégal"
214,4,2,150,"Rufisque, Sénégal"
216,3,3,400,"Mbour, Sénégal"
221,8,4,200,"Rufisque, Sénégal"
223,4,3,150,"Rufisque, Sénégal"
226,4,3,170,"Thies, Sénégal"
227,10,4,180,"Parcelle Assainies, Dakar, Sénégal"
228,4,2,150,"Dakar, Sénégal"
229,7,7,1464,"HLM, Dakar, Sénégal"
230,3,3,500,"Mbour, Sénégal"
231,4,3,180,"Thies, Sénégal"
232,8,4,256,"Grand Yoff, Dakar, Sénégal"
234,5,3,400,"Almadies, Dakar, Sénégal"
236,5,2,180,"Keur Massar, Sénégal"
237,4,3,170,"Dakar, Sénégal"
239,4,3,150,"Dakar, Sénégal"
241,4,3,170,"Dakar, Sénégal"
242,11,2,600,"Diamniadio, Sénégal"
244,5,3,150,"Guediawaye, Dakar, Sénégal"
245,4,3,170,"Dakar, Sénégal"
246,6,6,450,"Ngor, Dakar, Sénégal"
248,5,6,241,"Mermoz-Sacré Coeur, Dakar, Sénégal"
249,8,4,180,"Sicap Liberté, Dakar, Sénégal"
251,7,6,200,"Mamelles, Dakar, Sénégal"
252,7,2,150,"Mbao, Dakar, Sénégal"
253,6,4,300,"Mbao, Dakar, Sénégal"
255,9,3,150,"Dakar, Sénégal"
258,6,5,400,"Mermoz-Sacré Coeur, Dakar, Sénégal"
260,5,1,150,"Keur Massar, Sénégal"
261,5,2,291,"Dakar, Sénégal"
262,5,4,211,"Almadies, Dakar, Sénégal"
263,8,3,150,"Mariste, Dakar, Sénégal"
264,5,2,500,"Saly, Sénégal"
265,3,4,500,"Saly, Sénégal"
266,6,5,459,"Mermoz-Sacré Coeur, Dakar, Sénégal"
267,4,3,200,"Dakar, Sénégal"
271,8,3,125,"Dakar, Sénégal"
272,4,2,150,"Keur Massar, Sénégal"
273,6,1,300,"Sicap Liberté, Dakar, Sénégal"
277,11,5,300,"Thies, Sénégal"
278,5,4,350,"Yoff, Dakar, Sénégal"
279,4,2,216,"Dakar, Sénégal"
280,4,2,150,"Parcelle Assainies, Dakar, Sénégal"
281,5,2,150,"Parcelle Assainies, Dakar, Sénégal"
282,6,4,1500,"Mbour, Sénégal"
288,4,3,180,"Mermoz-Sacré Coeur, Dakar, Sénégal"
289,11,5,1500,"Saly, Sénégal"
290,11,5,535,"Saly, Sénégal"
293,9,4,152,"Mbao, Dakar, Sénégal"
294,9,3,150,"Dakar, Sénégal"
295,7,4,200,"Mamelles, Dakar, Sénégal"
296,4,2,150,"Dakar, Sénégal"
299,4,1,150,"Dakar, Sénégal"
300,3,2,150,"Dakar, Sénégal"
303,3,3,600,"Saly, Sénégal"
304,6,2,150,"Mbao, Dakar, Sénégal"
305,4,2,150,"Keur Massar, Sénégal"
307,5,4,600,"Mbour, Sénégal"
310,4,2,400,"Saly, Sénégal"
311,4,1,160,"Keur Massar, Sénégal"
312,5,1,150,"Pikine, Sénégal"
314,4,2,150,"Dakar, Sénégal"
317,15,14,1000,"Almadies, Dakar, Sénégal"
318,3,3,300,"Saly, Sénégal"
319,4,2,300,"Mbour, Sénégal"
320,4,2,300,"Mbour, Sénégal"
321,5,5,150,"Almadies 2, Dakar, Sénégal"
322,10,6,654,"Almadies, Dakar, Sénégal"
323,4,4,175,"Almadies 2, Dakar, Sénégal"
324,2,1,150,"HLM, Dakar, Sénégal"
326,12,7,300,"Dakar, Sénégal"
327,12,9,300,"Dakar, Sénégal"
328,1,2,150,"Dakar, Sénégal"
329,8,7,459,"Point E, Dakar, Sénégal"
330,4,3,900,"Ngaparou, Sénégal"
331,3,3,180,"Mermoz-Sacré Coeur, Dakar, Sénégal"
334,6,3,160,"Guediawaye, Dakar, Sénégal"
336,6,6,1100,"Thies, Sénégal"
337,7,1,180,"Mbao, Dakar, Sénégal"
338,8,6,700,"Mermoz-Sacré Coeur, Dakar, Sénégal"
339,4,3,213,"Almadies, Dakar, Sénégal"
340,4,2,150,"Mbour, Sénégal"
341,4,3,253,"Diamniadio, Sénégal"
347,2,2,150,"Colobane, Dakar, Sénégal"
349,7,4,300,"Sacré-Coeur, Dakar, Sénégal"
350,7,6,250,"Ngor, Dakar, Sénégal"
351,8,3,345,"Mbour, Sénégal"
352,6,3,150,"Dakar, Sénégal"
353,8,4,150,"Rufisque, Sénégal"
354,6,4,1500,"Thies, Sénégal"
355,8,6,300,"Almadies, Dakar, Sénégal"
357,22,9,1020,"Ziguinchor, Sénégal"
358,3,1,150,"Dieuppeul-Derklé, Dakar, Sénégal"
360,4,4,600,"Saly, Sénégal"
365,3,1,514,"Ngaparou, Sénégal"
368,5,5,1200,"Diamalaye 1, Dakar, Sénégal"
376,9,7,2069,"Yoff, Dakar, Sénégal"
378,4,1,500,"Mermoz-Sacré Coeur, Dakar, Sénégal"
379,6,5,250,"Mamelles, Dakar, Sénégal"
380,7,5,1,"Almadies, Dakar, Sénégal"
383,300,3,3000,"Ngaparou, Sénégal"
384,3,3,253,"Diamniadio, Sénégal"
385,4,3,600,"Ngaparou, Sénégal"
386,3,1,150,"Pikine, Sénégal"
393,6,5,250,"Yoff, Dakar, Sénégal"
394,4,2,150,"Rufisque, Sénégal"
395,4,3,150,"Guediawaye, Dakar, Sénégal"
396,3,1,176,"Mbour, Sénégal"
397,2,2,150,"Rufisque, Sénégal"
398,7,4,200,"Ouakam, Dakar, Sénégal"
399,8,4,150,"Parcelle Assainies, Dakar, Sénégal"
405,4,4,600,"Mbour, Sénégal"
406,7,7,600,"Mbour, Sénégal"
408,4,4,4500,"Thies, Sénégal"
409,4,4,600,"Thies, Sénégal"
410,7,5,200,"Dakar, Sénégal"
412,5,5,2200,"Saly, Sénégal"
413,5,3,450,"Sicap Liberté, Dakar, Sénégal"
415,2,2,150,"HLM, Dakar, Sénégal"
417,1,2,150,"Dakar, Sénégal"
418,5,2,180,"Sacré-Coeur, Dakar, Sénégal"
420,4,3,600,"Ngaparou, Sénégal"
421,4,2,150,"Rufisque, Sénégal"
426,10,7,500,"Point E, Dakar, Sénégal"
428,4,2,253,"Diamniadio, Sénégal"
429,6,4,400,"Toubab Dialao, Sénégal"
433,6,3,150,"Keur Massar, Sénégal"
434,3,1,150,"Rufisque, Sénégal"
435,5,5,500,"Saly, Sénégal"
439,6,2,150,"Thies, Sénégal"
441,20,10,3000,"Ziguinchor, Sénégal"
442,6,4,150,"Dakar, Sénégal"
443,4,1,150,"Pikine, Sénégal"
444,14,10,130,"Mariste, Dakar, Sénégal"
445,5,2,150,"Dakar, Sénégal"
446,5,5,150,"Almadies 2, Dakar, Sénégal"
447,11,8,150,"Keur Massar, Sénégal"
450,8,5,3000,"Mbour, Sénégal"
453,7,3,150,"Mbao, Dakar, Sénégal"
455,8,5,225,"Dakar, Sénégal"
457,7,5,1100,"Mermoz-Sacré Coeur, Dakar, Sénégal"
458,7,5,1100,"Mermoz-Sacré Coeur, Dakar, Sénégal"
459,8,9,1020,"Ziguinchor, Sénégal"
460,1,1,200,"Sicap Liberté, Dakar, Sénégal"
461,3,1,150,"Rufisque, Sénégal"
462,2,2,150,"Dakar, Sénégal"
463,6,2,150,"Dakar, Sénégal"
464,7,5,526,"Point E, Dakar, Sénégal"
465,8,2,150,"Mbao, Dakar, Sénégal"
467,5,2,225,"Dakar, Sénégal"
469,6,7,600,"Saly, Sénégal"
471,3,3,150,"Rufisque, Sénégal"
472,4,3,150,"Rufisque, Sénégal"
475,7,5,260,"Mermoz-Sacré Coeur, Dakar, Sénégal"
476,3,2,165,"Mermoz-Sacré Coeur, Dakar, Sénégal"
477,5,3,175,"Thies, Sénégal"
478,5,4,541,"Mamelles, Dakar, Sénégal"
479,5,4,300,"Rufisque, Sénégal"
480,4,2,200,"Sacré-Coeur, Dakar, Sénégal"
481,17,12,800,"Almadies, Dakar, Sénégal"
482,7,7,400,"Grand Yoff, Dakar, Sénégal"
483,6,5,500,"Saly, Sénégal"
485,4,2,600,"Thies, Sénégal"
486,4,4,600,"Saly, Sénégal"
487,6,4,1000,"Almadies, Dakar, Sénégal"
488,4,4,150,"Dakar, Sénégal"
496,4,2,170,"Keur Massar, Sénégal"
498,8,6,150,"Djida Thiaroye Kaw, Sénégal"
499,8,6,150,"Grand Dakar, Dakar, Sénégal"
501,9,8,200,"Sacré-Coeur, Dakar, Sénégal"
502,5,5,340,"Saly, Sénégal"
503,5,3,450,"Saly, Sénégal"
504,5,5,280,"Dakar, Sénégal"
505,5,8,150,"Mamelles, Dakar, Sénégal"
506,4,6,200,"Mamelles, Dakar, Sénégal"
507,4,3,150,"Almadies, Dakar, Sénégal"
508,4,4,400,"Hann Bel-Air, Dakar, Sénégal"
510,3,2,245,"Saly, Sénégal"
511,6,5,600,"Saly, Sénégal"
512,4,2,1,"Yoff, Dakar, Sénégal"
516,14,6,150,"Dakar, Sénégal"
518,1,3,150,"Dakar, Sénégal"
519,1,2,250,"Dakar, Sénégal"
520,4,2,15,"Fass, Dakar, Sénégal"
521,5,4,150,"Dakar, Sénégal"
522,5,3,225,"Sicap Liberté, Dakar, Sénégal"
523,10,8,150,"Mamelles, Dakar, Sénégal"
524,5,2,150,"Dakar, Sénégal"
527,4,1,150,"Dakar, Sénégal"
528,4,3,200,"Grand Yoff, Dakar, Sénégal"
529,7,2,703,"Ndiass, Sénégal"
530,8,4,500,"Mermoz-Sacré Coeur, Dakar, Sénégal"
531,4,3,400,"Hann Bel-Air, Dakar, Sénégal"
533,4,3,200,"Sacré-Coeur, Dakar, Sénégal"
535,9,6,150,"Ngor, Dakar, Sénégal"
536,7,4,100,"Mermoz-Sacré Coeur, Dakar, Sénégal"
537,10,5,150,"Thies, Sénégal"
538,14,9,200,"Sacré-Coeur, Dakar, Sénégal"
539,5,3,622,"Ziguinchor, Sénégal"
540,10,6,500,"Saly, Sénégal"
543,5,3,800,"Saly, Sénégal"
545,5,4,250,"Sacré-Coeur, Dakar, Sénégal"
546,4,3,274,"Sicap Liberté, Dakar, Sénégal"
548,6,3,250,"Dakar, Sénégal"
550,5,2,150,"Rufisque, Sénégal"
555,6,5,405,"Dakar, Sénégal"
556,4,4,340,"Dakar, Sénégal"
557,5,4,800,"Saly, Sénégal"
558,8,5,150,"Dakar, Sénégal"
559,4,3,250,"Mbour, Sénégal"
560,5,6,500,"Mbour, Sénégal"
561,4,1,200,"Yoff, Dakar, Sénégal"
562,5,3,180,"Sicap Liberté, Dakar, Sénégal"
563,6,2,225,"Almadies, Dakar, Sénégal"
564,4,2,180,"Sacré-Coeur, Dakar, Sénégal"
566,9,4,150,"Ouest Foire, Dakar, Sénégal"
567,1,1,180,"Sicap Liberté, Dakar, Sénégal"
568,5,4,300,"Point E, Dakar, Sénégal"
570,3,1,150,"Mbao, Dakar, Sénégal"
571,5,3,236,"Mbao, Dakar, Sénégal"
572,3,2,150,"Rufisque, Sénégal"
573,5,5,150,"Keur Massar, Sénégal"
574,5,4,150,"Mamelles, Dakar, Sénégal"
575,5,1,180,"Dakar, Sénégal"
576,8,8,800,"Dakar, Sénégal"
581,5,4,212,"Almadies, Dakar, Sénégal"
584,10,6,650,"Mermoz-Sacré Coeur, Dakar, Sénégal"
585,7,7,200,"Mamelles, Dakar, Sénégal"
586,8,6,400,"Almadies, Dakar, Sénégal"
587,4,3,150,"Dakar, Sénégal"
588,12,6,150,"Dakar, Sénégal"
590,6,4,650,"Mermoz-Sacré Coeur, Dakar, Sénégal"
591,6,2,150,"Dakar, Sénégal"
593,15,8,375,"Almadies 2, Dakar, Sénégal"
597,8,7,200,"Sicap Liberté, Dakar, Sénégal"
598,7,7,250,"Mamelles, Dakar, Sénégal"
599,4,3,300,"Dakar, Sénégal"
600,8,2,150,"Mbao, Dakar, Sénégal"
601,4,3,326,"Sacré-Coeur, Dakar, Sénégal"
602,7,3,207,"Almadies, Dakar, Sénégal"
603,5,3,150,"Almadies 2, Dakar, Sénégal"
605,3,1,150,"Keur Massar, Sénégal"
606,4,3,300,"Saly, Sénégal"
608,7,8,500,"Ouakam, Dakar, Sénégal"
609,4,4,160,"Rufisque, Sénégal"
610,5,3,200,"Rufisque, Sénégal"
613,6,4,300,"Almadies, Dakar, Sénégal"
615,4,2,150,"Mermoz-Sacré Coeur, Dakar, Sénégal"
616,10,10,800,"Saly, Sénégal"
617,5,4,300,"Rufisque, Sénégal"
621,7,7,3200,"Keur Massar, Sénégal"
623,5,5,500,"Almadies, Dakar, Sénégal"
624,9,6,150,"Rufisque, Sénégal"
627,7,4,150,"Guédiawaye, Djida Thiaroye Kaw, Sénégal"
628,3,1,300,"Keur Massar, Sénégal"
629,4,2,150,"Dakar, Sénégal"
630,4,3,200,"Mermoz-Sacré Coeur, Dakar, Sénégal"
631,4,4,400,"Saly, Sénégal"
632,4,4,916,"Ngaparou, Sénégal"
633,5,5,150,"Parcelle Assainies, Dakar, Sénégal"
634,5,4,150,"Parcelle Assainies, Dakar, Sénégal"
635,4,3,350,"Saly, Sénégal"
636,6,4,435,"Ngaparou, Sénégal"
641,1,1,150,"Dakar, Sénégal"
642,5,3,300,"Mermoz-Sacré Coeur, Dakar, Sénégal"
643,3,1,150,"Dakar, Sénégal"
645,13,3,180,"Keur Massar, Sénégal"
647,3,2,150,"Thies, Sénégal"
648,3,2,150,"Diamniadio, Sénégal"
649,4,3,150,"Ouest Foire, Dakar, Sénégal"
655,5,4,130,"Dakar, Sénégal"
657,6,2,1520,"Dakar, Sénégal"
660,10,5,150,"Dakar, Sénégal"
662,8,7,700,"Hann Bel-Air, Dakar, Sénégal"
663,3,1,140,"Sicap Liberté, Dakar, Sénégal"
664,6,4,300,"Thies, Sénégal"
665,4,3,600,"Ngaparou, Sénégal"
667,7,6,4200,"Saly, Sénégal"
668,4,2,160,"Keur Massar, Sénégal"
669,4,2,200,"Mbour, Sénégal"
670,3,3,400,"Mbour, Sénégal"
672,4,4,431,"Mermoz-Sacré Coeur, Dakar, Sénégal"
673,4,3,257,"Medina, Dakar, Sénégal"
674,9,3,150,"Keur Massar, Sénégal"
677,7,6,160,"Mbao, Dakar, Sénégal"
678,5,4,300,"Ngaparou, Sénégal"
680,8,4,150,"Rufisque, Sénégal"
681,4,1,243,"Sicap Liberté, Dakar, Sénégal"
684,10,4,150,"Ouakam, Dakar, Sénégal"
685,17,10,150,"Yoff, Dakar, Sénégal"
686,5,2,210,"Yoff, Dakar, Sénégal"
687,1,1,150,"Dakar, Sénégal"
688,4,2,170,"Sacré-Coeur, Dakar, Sénégal"
690,3,2,150,"Parcelle Assainies, Dakar, Sénégal"
691,3,2,400,"Saly, Sénégal"
692,7,4,250,"Dakar, Sénégal"
693,3,2,80,"Fann, Dakar, Sénégal"
694,4,2,150,"Dakar, Sénégal"
695,6,2,150,"Keur Massar, Sénégal"
696,3,2,150,"Grand Yoff, Dakar, Sénégal"
698,6,3,225,"Mbour, Sénégal"
700,6,4,200,"Rufisque, Sénégal"
701,3,2,150,"Cambérène, Dakar, Sénégal"
702,3,2,160,"Patte d'oie, Dakar, Sénégal"
703,5,4,400,"Mermoz-Sacré Coeur, Dakar, Sénégal"
704,4,3,150,"Mamelles, Dakar, Sénégal"
706,3,2,170,"HLM, Dakar, Sénégal"
709,3,2,150,"Mamelles, Dakar, Sénégal"
712,14,6,150,"Keur Massar, Sénégal"
713,10,8,273,"Mariste, Dakar, Sénégal"
714,5,4,424,"Mermoz-Sacré Coeur, Dakar, Sénégal"
718,7,4,630,"Almadies, Dakar, Sénégal"
719,3,3,600,"Saly, Sénégal"
720,6,3,150,"Dakar, Sénégal"
721,9,3,300,"Yoff, Dakar, Sénégal"
723,4,4,500,"Ngaparou, Sénégal"
724,8,8,105,"Sicap Liberté, Dakar, Sénégal"
726,9,2,200,"Dakar, Sénégal"
727,13,5,300,"Dakar, Sénégal"
729,10,5,260,"Toubab Dialao, Sénégal"
731,7,8,675,"Mermoz-Sacré Coeur, Dakar, Sénégal"
732,7,7,3200,"Keur Massar, Sénégal"
733,4,4,150,"Keur Massar, Sénégal"
734,4,3,150,"Dakar, Sénégal"
737,6,3,200,"Dakar, Sénégal"
740,5,4,600,"Mbour, Sénégal"
744,8,7,400,"Almadies, Dakar, Sénégal"
745,5,4,432,"Mermoz-Sacré Coeur, Dakar, Sénégal"
749,9,5,400,"Yoff, Dakar, Sénégal"
750,3,2,163,"Thies, Sénégal"
751,4,1,150,"Dakar, Sénégal"
752,3,1,150,"Keur Massar, Sénégal"
753,10,6,750,"Almadies, Dakar, Sénégal"
754,3,2,150,"Rufisque, Sénégal"
758,9,8,450,"Yoff, Dakar, Sénégal"
759,4,4,380,"Saly, Sénégal"
760,6,4,500,"Saly, Sénégal"
761,6,6,200,"Sacré-Coeur, Dakar, Sénégal"
762,3,2,171,"Rufisque, Sénégal"
764,4,2,168,"HLM, Dakar, Sénégal"
765,7,4,200,"Almadies, Dakar, Sénégal"
766,3,2,150,"Dakar, Sénégal"
768,5,2,150,"Cambérène, Dakar, Sénégal"
769,3,2,120,"Mamelles, Dakar, Sénégal"
772,5,5,600,"Ngor, Dakar, Sénégal"
773,5,4,250,"Mamelles, Dakar, Sénégal"
775,7,6,150,"Ouest Foire, Dakar, Sénégal"
776,5,4,300,"Mbour, Sénégal"
777,5,4,400,"Mbour, Sénégal"
778,8,1,150,"Keur Massar, Sénégal"
779,5,2,168,"HLM, Dakar, Sénégal"
780,10,5,300,"Sicap Liberté, Dakar, Sénégal"
781,6,3,175,"Mbour, Sénégal"
782,6,3,175,"Mbour, Sénégal"
783,3,7,600,"Ouakam, Dakar, Sénégal"
784,5,4,350,"Mermoz-Sacré Coeur, Dakar, Sénégal"
785,12,5,150,"Rufisque, Sénégal"
786,3,1,300,"Patte d'oie, Dakar, Sénégal"
787,3,1,160,"Yoff, Dakar, Sénégal"
788,6,2,210,"HLM, Dakar, Sénégal"
789,11,7,150,"Pikine, Sénégal"
792,15,7,1008,"Almadies, Dakar, Sénégal"
795,5,4,300,"Sicap foire, Dakar, Sénégal"
796,9,7,386,"Mbao, Dakar, Sénégal"
797,4,3,350,"Mermoz-Sacré Coeur, Dakar, Sénégal"
798,8,8,177,"Keur Massar, Sénégal"
799,5,5,250,"Almadies, Dakar, Sénégal"
800,10,2,130,"Mbao, Dakar, Sénégal"
801,5,3,150,"Dakar, Sénégal"
803,5,4,313,"Mermoz-Sacré Coeur, Dakar, Sénégal"
804,1,1,280,"Biscuiterie, Dakar, Sénégal"
805,7,6,225,"Pikine, Sénégal"
806,7,4,150,"Mbao, Dakar, Sénégal"
807,4,1,90,"Mbour, Sénégal"
809,3,2,150,"Mamelles, Dakar, Sénégal"
811,4,2,150,"Guediawaye, Dakar, Sénégal"
812,4,4,175,"Almadies 2, Dakar, Sénégal"
813,4,1,150,"Dakar, Sénégal"
818,4,4,600,"Mbour, Sénégal"
820,8,2,150,"Mbao, Dakar, Sénégal"
823,4,3,150,"Dakar, Sénégal"
824,4,2,150,"Mbao, Dakar, Sénégal"
825,7,4,200,"Rufisque, Sénégal"
826,5,5,1200,"Ngaparou, Sénégal"
827,12,3,160,"Mariste, Dakar, Sénégal"
828,5,3,957,"Saly, Sénégal"
829,3,1,121,"Sicap Liberté, Dakar, Sénégal"
830,5,2,168,"HLM, Dakar, Sénégal"
831,6,4,1100,"Mbour, Sénégal"
832,7,6,400,"Almadies, Dakar, Sénégal"
833,3,1,121,"Sicap Liberté, Dakar, Sénégal"
835,20,13,800,"Point E, Dakar, Sénégal"
837,5,2,150,"Dakar, Sénégal"
838,12,6,4800,"Ngaparou, Sénégal"
839,5,4,160,"Rufisque, Sénégal"
840,3,2,251,"Medina, Dakar, Sénégal"
842,1,1,150,"Dakar, Sénégal"
844,3,3,250,"Dakar, Sénégal"
845,8,4,150,"Keur Massar, Sénégal"
847,3,3,1000,"Mbour, Sénégal"
848,8,3,150,"Mariste, Dakar, Sénégal"
850,6,3,175,"Mbour, Sénégal"
851,6,3,175,"Mbour, Sénégal"
852,5,5,263,"Point E, Dakar, Sénégal"
853,4,3,200,"Rufisque, Sénégal"
854,212,5,212,"Mariste, Dakar, Sénégal"
855,9,10,600,"Ouakam, Dakar, Sénégal"
856,7,5,500,"Sicap Liberté, Dakar, Sénégal"
857,4,2,300,"Thies, Sénégal"
858,5,3,1200,"Ngaparou, Sénégal"
859,5,5,200,"Hann Bel-Air, Dakar, Sénégal"
860,7,7,3200,"Dakar, Sénégal"
861,5,4,1000,"Saly, Sénégal"
864,2,1,122,"Mbour, Sénégal"
865,4,3,200,"Rufisque, Sénégal"
866,7,5,200,"Dakar, Sénégal"
867,30,17,300,"Saint Louis, Sénégal"
868,4,5,200,"Dakar, Sénégal"
872,5,2,568,"Ngor, Dakar, Sénégal"
873,5,5,300,"Almadies, Dakar, Sénégal"
876,8,5,250,"Diamniadio, Sénégal"
878,7,5,300,"Sicap foire, Dakar, Sénégal"
880,3,1,250,"Pikine, Sénégal"
881,4,2,150,"Keur Massar, Sénégal"
885,7,4,200,"Mamelles, Dakar, Sénégal"
886,6,4,350,"Yoff, Dakar, Sénégal"
889,5,3,150,"Almadies, Dakar, Sénégal"
892,14,9,150,"Damel, Dakar, Sénégal"
895,3,2,200,"Ouakam, Dakar, Sénégal"
897,6,7,260,"Point E, Dakar, Sénégal"
899,5,3,424,"Mermoz-Sacré Coeur, Dakar, Sénégal"
900,7,6,424,"Mermoz-Sacré Coeur, Dakar, Sénégal"
904,3,1,121,"Sicap Liberté, Dakar, Sénégal"
906,13,7,150,"Mariste, Dakar, Sénégal"
907,5,3,300,"Malikounda, Sénégal"
908,12,8,180,"Dakar, Sénégal"
912,3,3,300,"Saly, Sénégal"
915,5,3,150,"Keur Massar, Sénégal"
918,10,5,225,"Rufisque, Sénégal"
921,7,7,3000,"Yoff, Dakar, Sénégal"
922,6,4,1000,"Yoff, Dakar, Sénégal"
923,6,3,150,"Dakar, Sénégal"
925,6,7,760,"Almadies, Dakar, Sénégal"
927,6,7,1000,"Mamelles, Dakar, Sénégal"
928,8,6,1000,"Almadies, Dakar, Sénégal"
931,7,4,500,"Sacré-Coeur, Dakar, Sénégal"
932,5,3,500,"Touba, Sénégal"
933,4,2,320,"Thies, Sénégal"
934,6,4,500,"Touba, Sénégal"
935,6,2,150,"Grand Dakar, Dakar, Sénégal"
937,8,5,200,"Mamelles, Dakar, Sénégal"
938,8,3,200,"Keur Massar, Sénégal"
940,4,4,3625,"Ngaparou, Sénégal"
942,1,1,440,"Rufisque, Sénégal"
943,4,3,500,"Saly, Sénégal"
946,7,5,400,"Lac rose, Sénégal"
947,9,6,150,"Dakar, Sénégal"
948,5,4,200,"Mamelles, Dakar, Sénégal"
949,4,3,250,"Almadies, Dakar, Sénégal"
950,8,3,150,"Dakar, Sénégal"
951,15,5,187,"Dakar, Sénégal"
953,4,4,300,"Almadies, Dakar, Sénégal"
954,5,2,300,"Mbour, Sénégal"
955,3,2,150,"Dakar, Sénégal"
957,1,1,1019,"Mbao, Dakar, Sénégal"
959,9,7,150,"Dakar, Sénégal"
960,5,3,122,"Hann Bel-Air, Dakar, Sénégal"
961,2,2,400,"Yenne Tode, Sénégal"
962,7,7,3200,"Dakar, Sénégal"
963,9,5,400,"Lac rose, Sénégal"
964,5,4,150,"Mamelles, Dakar, Sénégal"
966,20,11,550,"Point E, Dakar, Sénégal"
967,5,4,200,"Ouest Foire, Dakar, Sénégal"
970,5,3,600,"Ngaparou, Sénégal"
971,15,17,1000,"Almadies, Dakar, Sénégal"
972,5,3,150,"Dakar, Sénégal"
973,4,4,300,"Ngor, Dakar, Sénégal"
975,4,4,150,"Mbao, Dakar, Sénégal"
980,3,4,150,"Mbao, Dakar, Sénégal"
982,15,20,150,"Mariste, Dakar, Sénégal"
983,6,6,200,"Sacré-Coeur, Dakar, Sénégal"
984,5,5,1000,"Fann, Dakar, Sénégal"
985,8,8,1200,"Almadies, Dakar, Sénégal"
986,12,5,291,"Rufisque, Sénégal"
987,5,5,150,"Cambérène, Dakar, Sénégal"
991,15,17,800,"Almadies, Dakar, Sénégal"
992,3,2,150,"Sicap Liberté, Dakar, Sénégal"
993,3,1,250,"Thies, Sénégal"
995,3,1,200,"Guediawaye, Dakar, Sénégal"
996,8,8,1300,"Saly, Sénégal"
997,9,7,450,"Mbao, Dakar, Sénégal"
998,5,4,72,"Ouest Foire, Dakar, Sénégal"
999,4,2,15,"Keur Massar, Sénégal"
1000,6,7,150,"Diamalaye 1, Dakar, Sénégal"
1002,7,2,500,"Louga, Sénégal"
1003,2,2,400,"Mamelles, Dakar, Sénégal"
1004,6,5,300,"Yoff, Dakar, Sénégal"
1008,6,6,600,"Mbour, Sénégal"
1009,10,2,150,"Mbao, Dakar, Sénégal"
1010,4,5,1290,"Saly, Sénégal"
1011,7,7,220,"Mamelles, Dakar, Sénégal"
1014,5,5,400,"Hann Bel-Air, Dakar, Sénégal"
1015,5,5,400,"Almadies, Dakar, Sénégal"
1016,5,6,300,"Mermoz-Sacré Coeur, Dakar, Sénégal"
1017,7,8,200,"Mamelles, Dakar, Sénégal"
1024,5,4,300,"Almadies, Dakar, Sénégal"
1025,3,2,157,"HLM, Dakar, Sénégal"
1026,5,6,1,"Sicap Liberté, Dakar, Sénégal"
1028,3,4,513,"Mbour, Sénégal"
1029,6,4,300,"Almadies, Dakar, Sénégal"
1031,5,4,150,"Rufisque, Sénégal"
1033,5,5,600,"Mbour, Sénégal"
1035,6,5,1000,"Mbour, Sénégal"
1036,7,6,150,"Mbao, Dakar, Sénégal"
1037,6,6,350,"Ngor, Dakar, Sénégal"
1039,6,5,1,"Ngor, Dakar, Sénégal"
1040,5,4,1,"Sacré-Coeur, Dakar, Sénégal"
1041,6,6,180,"Mermoz-Sacré Coeur, Dakar, Sénégal"
1044,4,2,1,"Sipres, Dakar, Sénégal"
1046,3,3,150,"Djida Thiaroye Kaw, Sénégal"
1047,8,2,135,"Dakar, Sénégal"
1048,3,1,150,"Dakar, Sénégal"
1050,5,2,182,"Parcelle Assainies, Dakar, Sénégal"
1051,6,3,1,"Sipres, Dakar, Sénégal"
1052,5,5,600,"Saly, Sénégal"
1053,10,5,300,"Ngaparou, Sénégal"
1056,6,6,541,"Almadies, Dakar, Sénégal"
1057,1,2,251,"Medina, Dakar, Sénégal"
1058,4,3,500,"Mamelles, Dakar, Sénégal"
1059,5,4,300,"Saly, Sénégal"
1060,6,4,250,"Dakar, Sénégal"
1061,15,7,200,"Mermoz-Sacré Coeur, Dakar, Sénégal"
1066,6,6,548,"Almadies, Dakar, Sénégal"
1067,3,2,250,"Rufisque, Sénégal"
1068,6,3,150,"Dakar, Sénégal"
1069,6,4,150,"Dakar, Sénégal"
1070,3,4,600,"Saly, Sénégal"
1071,20,5,250,"Dakar, Sénégal"
1073,7,3,300,"Guediawaye, Dakar, Sénégal"
1074,5,5,250,"Almadies, Dakar, Sénégal"
1079,5,4,600,"Almadies, Dakar, Sénégal"
1081,8,7,600,"Ngor, Dakar, Sénégal"
1082,7,1,450,"Louga, Sénégal"
1083,7,6,250,"Ngor, Dakar, Sénégal"
1085,9,8,200,"Mamelles, Dakar, Sénégal"
1086,5,3,262,"Mermoz-Sacré Coeur, Dakar, Sénégal"
1087,6,6,1367,"Mermoz-Sacré Coeur, Dakar, Sénégal"
1088,5,6,545,"Almadies, Dakar, Sénégal"
1089,4,4,300,"Mbour, Sénégal"
1090,5,3,150,"Almadies 2, Dakar, Sénégal"
1091,5,3,150,"Dakar, Sénégal"
1092,7,6,1050,"Mbour, Sénégal"
1093,3,3,200,"Rufisque, Sénégal"
1097,5,3,200,"Parcelle Assainies, Dakar, Sénégal"
1098,12,6,4800,"Ngaparou, Sénégal"
1099,5,4,1000,"Saly, Sénégal"
1101,6,4,324,"Mamelles, Dakar, Sénégal"
1102,5,5,450,"Mermoz-Sacré Coeur, Dakar, Sénégal"
1103,5,4,150,"Mermoz-Sacré Coeur, Dakar, Sénégal"
1104,5,3,200,"Parcelle Assainies, Dakar, Sénégal"
1105,7,2,150,"Rufisque, Sénégal"
1106,5,5,511,"Grand Dakar, Dakar, Sénégal"
1110,2,2,150,"Almadies 2, Dakar, Sénégal"
1111,5,5,684,"Saly, Sénégal"
1113,10,7,230,"Sacré-Coeur, Dakar, Sénégal"
1114,5,3,600,"Lac rose, Sénégal"
1115,8,5,300,"Keur Massar, Sénégal"
1116,5,5,100,"Touba, Sénégal"
1117,4,5,600,"Saly, Sénégal"
1118,6,3,175,"Mbour, Sénégal"
1119,6,3,175,"Mbour, Sénégal"
1124,5,4,200,"Dakar, Sénégal"
1127,3,2,150,"Rufisque, Sénégal"
1129,9,7,1040,"Mermoz-Sacré Coeur, Dakar, Sénégal"
1130,1,1,150,"Keur Massar, Sénégal"
1131,3,3,150,"Guediawaye, Dakar, Sénégal"
1135,4,3,380,"Sicap Liberté, Dakar, Sénégal"
1136,7,4,200,"Almadies, Dakar, Sénégal"
1138,10,6,600,"Mermoz-Sacré Coeur, Dakar, Sénégal"
1139,7,5,500,"Mermoz-Sacré Coeur, Dakar, Sénégal"
1143,4,1,150,"Biscuiterie, Dakar, Sénégal"
1145,3,1,150,"Rufisque, Sénégal"
1149,6,4,513,"Saly, Sénégal"
1150,6,4,250,"Rufisque, Sénégal"
1152,5,7,1000,"Mamelles, Dakar, Sénégal"
1153,5,4,1100,"Fann, Dakar, Sénégal"
1154,4,2,150,"Mbao, Dakar, Sénégal"
1155,15,10,500,"Sacré-Coeur, Dakar, Sénégal"
1156,4,3,300,"Ouakam, Dakar, Sénégal"
1158,8,5,5000,"Dakar, Sénégal"
1159,3,2,180,"Keur Massar, Sénégal"
1160,5,5,9000,"Fatick, Sénégal"
1163,2,1,253,"Medina, Dakar, Sénégal"
1166,12,5,500,"Mermoz-Sacré Coeur, Dakar, Sénégal"
1167,4,3,340,"Thies, Sénégal"
1168,6,6,300,"Hann Bel-Air, Dakar, Sénégal"
1170,4,3,300,"Mbour, Sénégal"
1171,8,4,2400,"Toubab Dialao, Sénégal"
1175,4,4,500,"Saly, Sénégal"
1176,2,2,300,"Mbour, Sénégal"
1177,4,2,300,"Mbour, Sénégal"
1180,5,5,315,"Almadies, Dakar, Sénégal"
1182,3,2,150,"Patte d'oie, Dakar, Sénégal"
1183,6,5,565,"Almadies, Dakar, Sénégal"
1184,4,2,150,"Rufisque, Sénégal"
1186,4,2,150,"Rufisque, Sénégal"
1187,13,7,150,"Diamalaye 1, Dakar, Sénégal"
1188,4,4,178,"Mariste, Dakar, Sénégal"
1190,7,4,200,"Almadies, Dakar, Sénégal"
1196,3,2,150,"Guediawaye, Dakar, Sénégal"
1197,5,3,500,"Saly, Sénégal"
1198,6,6,150,"Rufisque, Sénégal"
1199,5,2,150,"Keur Massar, Sénégal"
1203,6,5,400,"Ouakam, Dakar, Sénégal"
1205,18,20,1350,"Almadies, Dakar, Sénégal"
1206,7,4,513,"Mbour, Sénégal"
1207,12,5,592,"Mbour, Sénégal"
1208,5,3,200,"Keur Massar, Sénégal"
1209,6,6,600,"Almadies, Dakar, Sénégal"
1211,4,1,150,"Rufisque, Sénégal"
1212,9,4,150,"Hann Bel-Air, Dakar, Sénégal"
1214,4,3,170,"Sipres, Dakar, Sénégal"
1216,5,3,450,"Saly, Sénégal"
1217,7,8,700,"Ouakam, Dakar, Sénégal"
1218,5,2,150,"Keur Massar, Sénégal"
1222,8,6,225,"Thies, Sénégal"
1223,3,2,150,"Mamelles, Dakar, Sénégal"
1224,6,5,250,"Sacré-Coeur, Dakar, Sénégal"
1227,4,1,320,"Touba, Sénégal"
1229,4,3,150,"Almadies, Dakar, Sénégal"
1230,5,3,150,"Sacré-Coeur, Dakar, Sénégal"
1231,4,4,256,"Mamelles, Dakar, Sénégal"
1232,5,6,200,"Ouakam, Dakar, Sénégal"
1233,3,2,150,"Mamelles, Dakar, Sénégal"
1234,3,1,150,"Rufisque, Sénégal"
1236,8,2,150,"Dakar, Sénégal"
1237,5,4,400,"Almadies, Dakar, Sénégal"
1238,4,3,600,"Saly, Sénégal"
1239,3,2,150,"Rufisque, Sénégal"
1241,5,2,160,"Keur Massar, Sénégal"
1242,9,4,150,"Mbao, Dakar, Sénégal"
1244,7,7,900,"Ngaparou, Sénégal"
1245,7,9,300,"Mermoz-Sacré Coeur, Dakar, Sénégal"
1246,5,3,150,"Guediawaye, Dakar, Sénégal"
1247,10,7,200,"Mamelles, Dakar, Sénégal"
1250,5,3,200,"Keur Massar, Sénégal"
1254,8,2,150,"Keur Massar, Sénégal"
1255,10,4,205,"Saly, Sénégal"
1256,5,7,400,"Saly, Sénégal"
1257,8,7,707,"Mbour, Sénégal"
1258,7,4,300,"Ouest Foire, Dakar, Sénégal"
1259,20,12,9000,"Mamelles, Dakar, Sénégal"
1260,5,5,600,"Mbour, Sénégal"
1261,6,3,300,"Hann Bel-Air, Dakar, Sénégal"
1263,5,3,1,"Almadies, Dakar, Sénégal"
1264,2,1,150,"Rufisque, Sénégal"
1265,5,3,400,"Rufisque, Sénégal"
1266,8,8,230,"Mermoz-Sacré Coeur, Dakar, Sénégal"
1267,3,2,170,"HLM, Dakar, Sénégal"
1272,4,2,150,"Mamelles, Dakar, Sénégal"
1273,4,2,300,"Diamniadio, Sénégal"
1274,7,7,300,"Mariste, Dakar, Sénégal"
1275,5,1,160,"Dakar, Sénégal"
1276,6,6,200,"Mamelles, Dakar, Sénégal"
1277,4,1,320,"Touba, Sénégal"
1278,4,4,140,"Sicap Liberté, Dakar, Sénégal"
1279,5,4,500,"Saly, Sénégal"
1280,9,7,600,"Mermoz-Sacré Coeur, Dakar, Sénégal"
1284,6,7,260,"Mermoz-Sacré Coeur, Dakar, Sénégal"
1285,4,2,150,"Rufisque, Sénégal"
1286,4,4,300,"Almadies 2, Dakar, Sénégal"
1287,7,6,600,"Sacré-Coeur, Dakar, Sénégal"
1288,5,5,400,"Ouakam, Dakar, Sénégal"
1290,4,2,150,"Saly, Sénégal"
1291,4,4,1000,"Ngaparou, Sénégal"
1292,6,6,200,"Mamelles, Dakar, Sénégal"
1295,8,8,150,"Guediawaye, Dakar, Sénégal"
1296,4,3,600,"Ngaparou, Sénégal"
1297,5,3,600,"Ngaparou, Sénégal"
1299,6,5,196,"Mbao, Dakar, Sénégal"
1300,4,2,150,"Mbao, Dakar, Sénégal"
1301,18,5,600,"Hann Bel-Air, Dakar, Sénégal"
1303,12,9,150,"Mbao, Dakar, Sénégal"
1304,12,9,150,"Mbao, Dakar, Sénégal"
1305,3,2,150,"Dakar, Sénégal"
1306,3,1,150,"Guediawaye, Dakar, Sénégal"
1307,3,1,150,"Guediawaye, Dakar, Sénégal"
1310,6,4,150,"Keur Massar, Sénégal"
1311,3,2,150,"Dakar, Sénégal"
1316,9,6,350,"Mbao, Dakar, Sénégal"
1317,5,3,200,"Sicap Liberté, Dakar, Sénégal"
1319,2,1,150,"Keur Massar, Sénégal"
1320,5,4,326,"Almadies, Dakar, Sénégal"
1321,4,3,500,"Saly, Sénégal"
1322,6,4,390,"Almadies, Dakar, Sénégal"
1323,5,4,300,"Mermoz-Sacré Coeur, Dakar, Sénégal"
1324,7,4,888,"Saly, Sénégal"
1325,5,2,160,"Keur Massar, Sénégal"
1326,7,5,1,"Dakar Plateau, Dakar, Sénégal"
1328,16,6,150,"Ouakam, Dakar, Sénégal"
1329,7,4,340,"Mariste, Dakar, Sénégal"
1330,8,2,150,"Rufisque, Sénégal"
1331,9,7,386,"Mbao, Dakar, Sénégal"
1332,9,6,160,"Keur Massar, Sénégal"
1333,5,3,250,"Dieuppeul-Derklé, Dakar, Sénégal"
1334,7,5,364,"Almadies, Dakar, Sénégal"
1340,4,2,225,"Thies, Sénégal"
1341,3,1,150,"Dakar, Sénégal"
1342,5,3,400,"Saly, Sénégal"
1343,12,3,150,"Guediawaye, Dakar, Sénégal"
1344,28,4,500,"Almadies, Dakar, Sénégal"
1345,16,2,150,"Mbao, Dakar, Sénégal"
1346,9,5,150,"Parcelle Assainies, Dakar, Sénégal"
1347,8,6,302,"Ngor, Dakar, Sénégal"
1349,5,1,150,"Pikine, Sénégal"
1350,5,5,298,"Mermoz-Sacré Coeur, Dakar, Sénégal"
1351,8,5,300,"Ngaparou, Sénégal"
1352,11,6,150,"Pikine, Sénégal"
1353,4,3,150,"Parcelle Assainies, Dakar, Sénégal"
1354,4,2,200,"Keur Massar, Sénégal"
1355,5,3,150,"Mbao, Dakar, Sénégal"
1356,6,5,450,"Mermoz-Sacré Coeur, Dakar, Sénégal"
1357,3,2,216,"Mbao, Dakar, Sénégal"
1358,4,2,150,"Rufisque, Sénégal"
1359,6,5,535,"Mermoz-Sacré Coeur, Dakar, Sénégal"
1360,6,2,150,"Rufisque, Sénégal"
1361,10,6,225,"Cambérène, Dakar, Sénégal"
1362,7,4,700,"Sacré-Coeur, Dakar, Sénégal"
1363,3,2,70,"Saly, Sénégal"
1364,5,1,150,"Dakar, Sénégal"
1366,5,4,600,"Mbour, Sénégal"
1369,14,3,150,"Keur Massar, Sénégal"
1370,6,5,350,"Mermoz-Sacré Coeur, Dakar, Sénégal"
1371,4,5,600,"Ngaparou, Sénégal"
1372,4,4,200,"Ngaparou, Sénégal"
1373,4,2,170,"Dakar, Sénégal"
1374,100000,100000,178,"Dieuppeul-Derklé, Dakar, Sénégal"
1375,10,7,1076,"Mermoz-Sacré Coeur, Dakar, Sénégal"
1376,4,2,300,"Sicap Liberté, Dakar, Sénégal"
1377,6,5,700,"Mermoz-Sacré Coeur, Dakar, Sénégal"
1378,5,4,250,"Mermoz-Sacré Coeur, Dakar, Sénégal"
1379,7,5,900,"Mermoz-Sacré Coeur, Dakar, Sénégal"
1380,5,4,350,"Mermoz-Sacré Coeur, Dakar, Sénégal"
1381,7,5,900,"Mermoz-Sacré Coeur, Dakar, Sénégal"
1382,3,1,150,"Guediawaye, Dakar, Sénégal"
1384,4,5,151,"Guediawaye, Dakar, Sénégal"
1386,6,6,170,"Ngor, Dakar, Sénégal"
1395,6,5,453,"Mermoz-Sacré Coeur, Dakar, Sénégal"
1396,5,3,150,"Keur Massar, Sénégal"
1397,6,5,560,"Almadies, Dakar, Sénégal"
1398,6,5,600,"Almadies, Dakar, Sénégal"
1402,6,3,300,"Mbour, Sénégal"
1403,5,5,1000,"Saly, Sénégal"
1404,5,4,500,"Mamelles, Dakar, Sénégal"
1405,6,4,550,"Almadies, Dakar, Sénégal"
1406,3,3,600,"Mbour, Sénégal"
1407,5,4,210,"Sipres, Dakar, Sénégal"
1408,10,6,680,"Sacré-Coeur, Dakar, Sénégal"
1409,5,3,150,"Dakar, Sénégal"
1410,6,5,453,"Mermoz-Sacré Coeur, Dakar, Sénégal"
1411,6,7,150,"Djily MBaye, Dakar, Sénégal"
1412,11,3,150,"Parcelle Assainies, Dakar, Sénégal"
1417,4,3,150,"Keur Massar, Sénégal"
1418,4,2,150,"Mbao, Dakar, Sénégal"
1420,5,2,150,"Rufisque, Sénégal"
1421,5,4,1,"Ouest Foire, Dakar, Sénégal"
1422,10,7,150,"Guediawaye, Dakar, Sénégal"
1423,5,3,235,"Sacré-Coeur, Dakar, Sénégal"
1424,4,4,500,"Mbour, Sénégal"
1426,3,3,425,"Saly, Sénégal"
1427,5,5,450,"Saly, Sénégal"
1428,8,7,300,"Mamelles, Dakar, Sénégal"
1429,4,1,320,"Touba, Sénégal"
1431,6,5,1300,"Ngor, Dakar, Sénégal"
1432,7,7,1,"Mamelles, Dakar, Sénégal"
1433,10,5,1,"Mamelles, Dakar, Sénégal"
1435,7,5,680,"Dieuppeul-Derklé, Dakar, Sénégal"
1436,6,4,1,"Ngor, Dakar, Sénégal"
1437,5,4,150,"Hann Bel-Air, Dakar, Sénégal"
1439,4,4,1,"Mermoz-Sacré Coeur, Dakar, Sénégal"
1441,6,5,452,"Almadies, Dakar, Sénégal"
1443,8,2,150,"Rufisque, Sénégal"
1444,6,5,450,"Mermoz-Sacré Coeur, Dakar, Sénégal"
1446,12,7,600,"Almadies, Dakar, Sénégal"
1447,6,5,434,"Almadies, Dakar, Sénégal"
1448,15,4,200,"Mbao, Dakar, Sénégal"
1451,9,4,150,"Grand Dakar, Dakar, Sénégal"
1453,8,6,540,"Yoff, Dakar, Sénégal"
1454,7,4,204,"Sicap Liberté, Dakar, Sénégal"
1456,8,2,100,"HLM, Dakar, Sénégal"
1457,7,4,150,"Almadies 2, Dakar, Sénégal"
1458,4,2,150,"Keur Massar, Sénégal"
1460,5,5,700,"Point E, Dakar, Sénégal"
1461,3,2,180,"Mermoz-Sacré Coeur, Dakar, Sénégal"
1462,19,9,150,"Grand Yoff, Dakar, Sénégal"
1463,8,4,250,"Ouakam, Dakar, Sénégal"
1464,5,4,560,"Sicap foire, Dakar, Sénégal"
1465,7,4,153,"Rufisque, Sénégal"
1467,8,2,100,"Dakar, Sénégal"
1468,8,2,100,"Dakar, Sénégal"
1469,6,4,320,"Dakar, Sénégal"
1470,2,2,100,"Dakar, Sénégal"
1473,7,2,280,"Sacré-Coeur, Dakar, Sénégal"
1475,11,4,291,"Rufisque, Sénégal"
1477,5,5,435,"Mermoz-Sacré Coeur, Dakar, Sénégal"
1478,11,5,200,"Sacré-Coeur, Dakar, Sénégal"
1479,6,5,676,"Almadies, Dakar, Sénégal"
1480,6,5,469,"Almadies, Dakar, Sénégal"
1481,5,4,175,"Keur Massar, Sénégal"
1482,6,6,450,"Mermoz-Sacré Coeur, Dakar, Sénégal"
1484,4,4,500,"Mbao, Dakar, Sénégal"
1488,6,5,545,"Almadies, Dakar, Sénégal"
1489,6,5,600,"Almadies, Dakar, Sénégal"
1494,3,1,1506,"Dakar, Sénégal"
1497,4,2,150,"Mbao, Dakar, Sénégal"
1498,4,2,300,"Thies, Sénégal"
1499,5,4,210,"Sipres, Dakar, Sénégal"
1501,6,5,500,"Mermoz-Sacré Coeur, Dakar, Sénégal"
1502,4,2,1,"Mariste, Dakar, Sénégal"
1503,4,4,300,"Mbour, Sénégal"
1504,6,4,88,"Diamalaye 1, Dakar, Sénégal"
1507,8,5,296,"Ngor, Dakar, Sénégal"
1509,2,1,450,"Mbour, Sénégal"
1511,6,5,4,"Mamelles, Dakar, Sénégal"
1512,7,7,250,"Mamelles, Dakar, Sénégal"
1513,6,4,150,"Rufisque, Sénégal"
1514,5,5,750,"Mamelles, Dakar, Sénégal"
1516,6,5,456,"Sacré-Coeur, Dakar, Sénégal"
1520,6,4,1800,"Saly, Sénégal"
1522,6,4,300,"Mbour, Sénégal"
1525,6,5,500,"Mermoz-Sacré Coeur, Dakar, Sénégal"
1526,2,2,150,"Dakar, Sénégal"
1528,6,4,249,"Dakar, Sénégal"
1530,6,2,165,"Patte d'oie, Dakar, Sénégal"
1534,17,17,7500,"Saly, Sénégal"
1535,5,4,200,"Sipres, Dakar, Sénégal"
1536,6,3,230,"Sipres, Dakar, Sénégal"
1538,3,2,1000,"Diamniadio, Sénégal"
1543,7,5,250,"Sicap Liberté, Dakar, Sénégal"
1544,6,5,354,"Mermoz-Sacré Coeur, Dakar, Sénégal"
1545,5,4,600,"Ngaparou, Sénégal"
1546,5,5,300,"Djily MBaye, Dakar, Sénégal"
1547,4,2,150,"Parcelle Assainies, Dakar, Sénégal"
1548,6,5,431,"Almadies, Dakar, Sénégal"
1549,6,5,212,"Almadies, Dakar, Sénégal"
1550,5,1,300,"Rufisque, Sénégal"
1552,5,2,350,"Saly, Sénégal"
1553,2,2,150,"Mbao, Dakar, Sénégal"
1556,6,5,290,"Almadies, Dakar, Sénégal"
1557,4,3,300,"Louga, Sénégal"
1559,7,3,150,"Dakar, Sénégal"
1560,6,5,359,"Mermoz-Sacré Coeur, Dakar, Sénégal"
1562,5,3,150,"Keur Massar, Sénégal"
1563,3,2,150,"Dakar, Sénégal"
1566,9,3,590,"Mbour, Sénégal"
1567,5,1,300,"Mbour, Sénégal"
1568,6,4,136,"Mbao, Dakar, Sénégal"
1569,8,4,150,"Rufisque, Sénégal"
1571,8,6,1500,"Ngaparou, Sénégal"
1580,6,5,219,"Almadies, Dakar, Sénégal"
1582,4,2,250,"Thies, Sénégal"
1583,4,4,400,"Guediawaye, Dakar, Sénégal"
1584,10,8,150,"Keur Massar, Sénégal"
1585,6,3,175,"Mbour, Sénégal"
1586,5,3,200,"Parcelle Assainies, Dakar, Sénégal"
1587,4,3,150,"Guediawaye, Dakar, Sénégal"
1588,5,4,230,"Sipres, Dakar, Sénégal"
1589,12,7,200,"Mamelles, Dakar, Sénégal"
1590,6,3,150,"Niaga, Sénégal"
1592,7,4,150,"Sicap foire, Dakar, Sénégal"
1593,5,3,200,"Dakar, Sénégal"
1596,7,6,200,"Parcelle Assainies, Dakar, Sénégal"
1597,5,3,250,"Mamelles, Dakar, Sénégal"
1600,5,5,5000,"Almadies, Dakar, Sénégal"
1603,10,3,150,"Keur Massar, Sénégal"
1604,4,1,230,"Dakar, Sénégal"
1605,1,1,290,"Dakar, Sénégal"
1606,7,5,1200,"Mermoz-Sacré Coeur, Dakar, Sénégal"
1607,6,5,500,"Mermoz-Sacré Coeur, Dakar, Sénégal"
1609,4,4,500,"Saly, Sénégal"
1610,4,4,400,"Saly, Sénégal"
1611,5,5,500,"Mermoz-Sacré Coeur, Dakar, Sénégal"
1612,5,5,450,"Mermoz-Sacré Coeur, Dakar, Sénégal"
1613,7,3,150,"Ouakam, Dakar, Sénégal"
1614,7,4,500,"Sacré-Coeur, Dakar, Sénégal"
1615,7,5,800,"Mermoz-Sacré Coeur, Dakar, Sénégal"
1616,5,3,193,"Rufisque, Sénégal"
1617,4,2,188,"Thies, Sénégal"
1619,5,4,300,"Sicap foire, Dakar, Sénégal"
1620,6,5,560,"Sacré-Coeur, Dakar, Sénégal"
1621,3,3,200,"Tambacounda, Sénégal"
1622,6,5,200,"Almadies, Dakar, Sénégal"
1625,5,1,150,"Guediawaye, Dakar, Sénégal"
1626,12,5,200,"Biscuiterie, Dakar, Sénégal"
1628,5,1,150,"Guediawaye, Dakar, Sénégal"
1630,8,2,100,"HLM, Dakar, Sénégal"
1631,3,3,500,"Saly, Sénégal"
1633,7,5,364,"Almadies, Dakar, Sénégal"
1634,7,5,600,"Sacré-Coeur, Dakar, Sénégal"
1635,5,5,300,"Point E, Dakar, Sénégal"
1636,7,5,350,"Ngor, Dakar, Sénégal"
1637,5,5,200,"Sipres, Dakar, Sénégal"
1639,17,15,300,"Rufisque, Sénégal"
1640,9,3,180,"Dakar, Sénégal"
1642,5,6,500,"Mermoz-Sacré Coeur, Dakar, Sénégal"
1646,5,3,150,"Dakar, Sénégal"
1648,6,5,170,"Ouakam, Dakar, Sénégal"
1651,6,5,300,"Almadies, Dakar, Sénégal"
1652,12,13,1200,"Ngaparou, Sénégal"
1653,8,3,150,"Dakar, Sénégal"
1655,6,5,600,"Almadies, Dakar, Sénégal"
1659,10,6,590,"Mermoz-Sacré Coeur, Dakar, Sénégal"
1660,5,4,1500,"Saly, Sénégal"
1663,6,5,226,"Thies, Sénégal"
1666,10,6,450,"Mermoz-Sacré Coeur, Dakar, Sénégal"
1667,1,1,150,"Dakar, Sénégal"
1669,7,3,220,"Keur Massar, Sénégal"
1670,4,3,100,"Sicap Liberté, Dakar, Sénégal"
1671,4,3,150,"Sicap Liberté, Dakar, Sénégal"
1672,5,5,600,"Point E, Dakar, Sénégal"
1674,6,4,500,"Ngor, Dakar, Sénégal"
1675,10,2,170,"Keur Massar, Sénégal"
1676,10,5,500,"Mermoz-Sacré Coeur, Dakar, Sénégal"
1677,5,3,200,"Rufisque, Sénégal"
1678,9,4,300,"Thies, Sénégal"
1680,5,4,150,"Keur Massar, Sénégal"
1683,9,4,200,"Ouest Foire, Dakar, Sénégal"
1684,6,5,600,"Fann, Dakar, Sénégal"
1685,10,3,200,"Parcelle Assainies, Dakar, Sénégal"
1686,8,2,150,"Keur Massar, Sénégal"
1688,4,3,242,"Mbao, Dakar, Sénégal"
1689,9,5,180,"Dakar Plateau, Dakar, Sénégal"
1690,4,2,160,"Keur Massar, Sénégal"
1691,1,1,1200,"Mbao, Dakar, Sénégal"
1692,4,2,300,"Thies, Sénégal"
1696,5,5,800,"Almadies, Dakar, Sénégal"
1697,11,4,650,"Keur Massar, Sénégal"
1698,8,4,300,"Keur Massar, Sénégal"
1699,8,2,150,"Keur Massar, Sénégal"
1701,6,3,160,"Malikounda, Sénégal"
1704,7,6,500,"Saly, Sénégal"
1705,4,4,300,"Dakar, Sénégal"
1706,4,4,300,"Dakar, Sénégal"
1707,20,19,600,"Saly, Sénégal"
1708,8,1,150,"Keur Massar, Sénégal"
1711,10,6,165,"Dakar, Sénégal"
1712,5,2,300,"HLM, Dakar, Sénégal"
1713,5,3,600,"Almadies, Dakar, Sénégal"
1714,3,4,250,"Ngaparou, Sénégal"
1717,9,9,200,"Almadies, Dakar, Sénégal"
1728,4,4,288,"Biscuiterie, Dakar, Sénégal"
1734,4,1,160,"Keur Massar, Sénégal"
1735,4,8,1800,"Ngaparou, Sénégal"
1736,5,2,150,"Keur Massar, Sénégal"
1738,6,5,350,"Sacré-Coeur, Dakar, Sénégal"
1739,4,3,150,"Keur Massar, Sénégal"
1742,7,5,600,"Louga, Sénégal"
1743,11,4,165,"Keur Massar, Sénégal"
1751,5,4,210,"Sipres, Dakar, Sénégal"
1752,2,2,600,"Thies, Sénégal"
1754,3,2,150,"Mbao, Dakar, Sénégal"
1755,6,5,296,"Almadies, Dakar, Sénégal"
1756,5,3,165,"Rufisque, Sénégal"
1759,7,5,600,"Almadies, Dakar, Sénégal"
1760,2,1,225,"Dakar, Sénégal"
1761,2,1,185,"Pikine, Sénégal"
1762,2,1,150,"Almadies 2, Dakar, Sénégal"
1763,5,3,200,"Parcelle Assainies, Dakar, Sénégal"
1764,3,1,300,"Dakar, Sénégal"
1765,6,4,150,"Guediawaye, Dakar, Sénégal"
1766,5,2,200,"Diamniadio, Sénégal"
1767,5,4,210,"Parcelle Assainies, Dakar, Sénégal"
1768,5,2,200,"Guediawaye, Dakar, Sénégal"
1769,3,2,150,"Rufisque, Sénégal"
1770,5,7,400,"Saly, Sénégal"
1771,4,2,150,"Patte d'oie, Dakar, Sénégal"
1772,4,3,900,"Mbour, Sénégal"
1773,4,1,160,"Dakar, Sénégal"
1774,6,4,150,"Dakar, Sénégal"
1775,4,2,1800,"Dakar, Sénégal"
1776,6,3,1356,"Fann, Dakar, Sénégal"
1778,5,5,800,"Mbour, Sénégal"
1779,5,5,684,"Saly, Sénégal"
1782,4,2,150,"Dakar, Sénégal"
1786,7,4,300,"Dakar, Sénégal"
1787,4,4,518,"Saly, Sénégal"
1788,3,3,300,"Ngaparou, Sénégal"
1789,3,3,300,"Ngaparou, Sénégal"
1790,5,6,200,"Mamelles, Dakar, Sénégal"
1792,4,1,160,"Keur Massar, Sénégal"
1794,4,2,312,"Sicap Liberté, Dakar, Sénégal"
1796,6,5,150,"Dakar, Sénégal"
1797,4,4,1350,"Saly, Sénégal"
1798,9,7,1500,"Fatick, Sénégal"
1800,5,5,1010,"Ngaparou, Sénégal"
1801,4,4,500,"Saly, Sénégal"
1803,6,5,208,"Sacré-Coeur, Dakar, Sénégal"
1807,8,4,250,"Thies, Sénégal"
1808,6,7,500,"Mermoz-Sacré Coeur, Dakar, Sénégal"
1809,14,8,600,"Mamelles, Dakar, Sénégal"
1810,9,8,200,"Mamelles, Dakar, Sénégal"
1811,4,4,230,"Mamelles, Dakar, Sénégal"
1813,5,3,282,"Keur Massar, Sénégal"
1814,1,1,301,"Dakar, Sénégal"
1815,5,5,1000,"Saly, Sénégal"
1816,5,5,150,"Dakar, Sénégal"
1817,15,9,12,"Almadies, Dakar, Sénégal"
1818,6,5,700,"Ngaparou, Sénégal"
1819,9,4,196,"Ouest Foire, Dakar, Sénégal"
1820,7,4,150,"Mamelles, Dakar, Sénégal"
1822,4,1,160,"Keur Massar, Sénégal"
1824,5,7,250,"Mbao, Dakar, Sénégal"
1825,11,6,150,"Keur Massar, Sénégal"
1826,4,3,150,"Sicap Liberté, Dakar, Sénégal"
1827,6,4,470,"Ngaparou, Sénégal"
1828,4,2,150,"Grand Dakar, Dakar, Sénégal"
1829,5,5,210,"Sipres, Dakar, Sénégal"
1830,6,5,500,"Mermoz-Sacré Coeur, Dakar, Sénégal"
1831,15,8,600,"Almadies, Dakar, Sénégal"
1832,4,2,150,"Sicap Liberté, Dakar, Sénégal"
1833,4,3,225,"Mermoz-Sacré Coeur, Dakar, Sénégal"
1834,5,2,300,"Sicap Liberté, Dakar, Sénégal"
1835,4,3,120,"Mamelles, Dakar, Sénégal"
1837,5,3,250,"Yoff, Dakar, Sénégal"
1838,20,13,160,"Grand Yoff, Dakar, Sénégal"
1839,8,7,359,"Point E, Dakar, Sénégal"
1840,8,7,230,"Mamelles, Dakar, Sénégal"
1841,4,4,200,"Ngaparou, Sénégal"
1842,6,2,200,"HLM, Dakar, Sénégal"
1843,3,1,150,"Keur Massar, Sénégal"
1845,4,3,300,"Mbour, Sénégal"
1846,5,5,4200,"Saly, Sénégal"
1849,8,6,162,"Ngor, Dakar, Sénégal"
1850,7,5,200,"Mariste, Dakar, Sénégal"
1851,3,2,315,"Mbour, Sénégal"
1852,4,2,175,"Mbao, Dakar, Sénégal"
1853,8,6,300,"Diamniadio, Sénégal"
1854,7,7,590,"Almadies, Dakar, Sénégal"
1855,6,5,4784,"Almadies, Dakar, Sénégal"
1856,10,3,205,"Ouest Foire, Dakar, Sénégal"
1858,4,2,150,"Dakar, Sénégal"
1859,4,2,150,"Sacré-Coeur, Dakar, Sénégal"
1861,16,8,300,"Saly, Sénégal"
1862,14,7,200,"Dakar, Sénégal"
1863,5,1,100,"Dakar, Sénégal"
1870,3,2,300,"Toubab Dialao, Sénégal"
1872,8,8,296,"Almadies, Dakar, Sénégal"
1873,8,5,300,"Keur Massar, Sénégal"
1874,5,4,200,"Medina, Dakar, Sénégal"
1877,3,3,300,"Mbour, Sénégal"
1878,8,2,500,"Djily MBaye, Dakar, Sénégal"
1879,4,2,150,"Parcelle Assainies, Dakar, Sénégal"
1881,5,2,300,"Medina, Dakar, Sénégal"
1882,3,3,600,"Ngaparou, Sénégal"
1884,3,2,400,"Rufisque, Sénégal"
1885,6,7,200,"Ouakam, Dakar, Sénégal"
1887,5,3,150,"Keur Massar, Sénégal"
1888,5,4,150,"Mamelles, Dakar, Sénégal"
1890,4,3,450,"Sicap Liberté, Dakar, Sénégal"
1892,4,5,300,"Saly, Sénégal"
1894,3,2,106,"Guediawaye, Dakar, Sénégal"
1895,11,11,650,"Ngaparou, Sénégal"
1896,3,3,150,"Rufisque, Sénégal"
1897,7,6,12,"Almadies, Dakar, Sénégal"
1898,10,5,160,"Rufisque, Sénégal"
1900,5,5,159,"Dakar, Sénégal"
1901,3,3,400,"Mbour, Sénégal"
1902,4,2,150,"Grand Yoff, Dakar, Sénégal"
1903,5,2,150,"Grand Yoff, Dakar, Sénégal"
1904,3,1,165,"Mbao, Dakar, Sénégal"
1906,8,5,225,"Guediawaye, Dakar, Sénégal"
1907,7,6,400,"Mamelles, Dakar, Sénégal"
1909,1,1,360,"Dieuppeul-Derklé, Dakar, Sénégal"
1910,5,2,150,"Keur Massar, Sénégal"
1912,13,13,400,"Saint Louis, Sénégal"
1913,6,5,400,"Mamelles, Dakar, Sénégal"
1915,4,2,150,"Rufisque, Sénégal"
1916,10,2,150,"Keur Massar, Sénégal"
1917,4,2,160,"Keur Massar, Sénégal"
1918,5,3,90,"Ouakam, Dakar, Sénégal"
1919,5,2,150,"Keur Massar, Sénégal"
1921,5,5,210,"Sipres, Dakar, Sénégal"
1922,3,3,500,"Saly, Sénégal"
1923,6,4,150,"Sacré-Coeur, Dakar, Sénégal"
1924,5,4,200,"Keur Massar, Sénégal"
1926,6,5,150,"Mbao, Dakar, Sénégal"
1927,3,2,150,"Guediawaye, Dakar, Sénégal"
1929,8,5,150,"Rufisque, Sénégal"
1930,4,2,225,"Thies, Sénégal"
1932,7,5,175,"Parcelle Assainies, Dakar, Sénégal"
1933,5,2,284,"Mboro, Sénégal"
1936,4,2,155,"Patte d'oie, Dakar, Sénégal"
1938,3,2,150,"Rufisque, Sénégal"
1941,8,5,292,"Sicap Liberté, Dakar, Sénégal"
1942,10,5,180,"Pikine, Sénégal"
1943,6,5,400,"Mermoz-Sacré Coeur, Dakar, Sénégal"
1944,3,3,160,"Dakar, Sénégal"
1945,5,3,192,"Rufisque, Sénégal"
1946,5,2,150,"Rufisque, Sénégal"
1949,13,6,502,"Almadies, Dakar, Sénégal"
1950,6,5,159,"Dakar, Sénégal"
1954,5,4,250,"Lac rose, Sénégal"
1955,4,4,300,"Saly, Sénégal"
1957,4,2,170,"Mbao, Dakar, Sénégal"
1959,3,3,600,"Ngaparou, Sénégal"
1960,7,4,300,"Sicap Liberté, Dakar, Sénégal"
1961,7,7,400,"Dakar, Sénégal"
1962,6,3,150,"Dakar, Sénégal"
1965,5,5,210,"Sipres, Dakar, Sénégal"
1966,16,10,280,"HLM, Dakar, Sénégal"
1967,3,2,150,"Dakar, Sénégal"
1969,3,2,150,"Ouest Foire, Dakar, Sénégal"
1970,4,2,160,"Keur Massar, Sénégal"
1972,15,10,12,"Almadies, Dakar, Sénégal"
1973,6,3,150,"Dakar, Sénégal"
1977,12,8,180,"Sicap foire, Dakar, Sénégal"
1980,8,4,300,"Sicap Liberté, Dakar, Sénégal"
1981,8,4,300,"Sicap Liberté, Dakar, Sénégal"
1983,5,5,150,"Mbao, Dakar, Sénégal"
1984,6,1,160,"Mbao, Dakar, Sénégal"
1985,15,10,12,"Almadies, Dakar, Sénégal"
1986,5,5,12,"Sacré-Coeur, Dakar, Sénégal"
1989,3,2,300,"Ngaparou, Sénégal"
1990,3,1,150,"Mbao, Dakar, Sénégal"
1993,4,3,150,"Parcelle Assainies, Dakar, Sénégal"
1994,5,4,12,"Dakar Plateau, Dakar, Sénégal"
1997,8,1,400,"Rufisque, Sénégal"
1998,5,5,210,"Sipres, Dakar, Sénégal"
1999,10,1,150,"Parcelle Assainies, Dakar, Sénégal"
2002,4,1,160,"Keur Massar, Sénégal"
2003,8,2,300,"Keur Massar, Sénégal"
2004,6,2,150,"Keur Massar, Sénégal"
2005,4,3,100,"Diamalaye 2, Dakar, Sénégal"
2006,8,8,1500,"Ngaparou, Sénégal"
2007,5,4,1000,"Mbour, Sénégal"
2009,6,3,150,"Mbao, Dakar, Sénégal"
2010,7,5,200,"Sipres, Dakar, Sénégal"
2011,5,2,150,"Saint Louis, Sénégal"
2012,6,3,720,"Hann Bel-Air, Dakar, Sénégal"
2013,6,5,12,"Mermoz-Sacré Coeur, Dakar, Sénégal"
2016,6,6,500,"Mbour, Sénégal"
2017,5,6,240,"Almadies, Dakar, Sénégal"
2019,4,1,300,"Malikounda, Sénégal"
2020,3,3,300,"Saly, Sénégal"
2022,7,4,300,"Sicap Liberté, Dakar, Sénégal"
2026,8,4,100,"Keur Massar, Sénégal"
2027,4,3,2500,"Saly, Sénégal"
2028,6,2,160,"Keur Massar, Sénégal"
2030,10,8,200,"Keur Massar, Sénégal"
2031,7,8,621,"Mermoz-Sacré Coeur, Dakar, Sénégal"
2032,4,3,280,"Sicap Liberté, Dakar, Sénégal"
2033,5,5,140,"Mariste, Dakar, Sénégal"
2034,6,5,1212,"Fann, Dakar, Sénégal"
2035,3,4,500,"Lac rose, Sénégal"
2036,6,4,200,"Sicap Liberté, Dakar, Sénégal"
2037,16,8,152,"Ouest Foire, Dakar, Sénégal"
2039,14,3,300,"Mbour, Sénégal"
2041,17,11,12,"Almadies, Dakar, Sénégal"
2042,7,4,12,"Almadies, Dakar, Sénégal"
2047,7,7,200,"Mamelles, Dakar, Sénégal"
2049,3,2,300,"Mbour, Sénégal"
2050,7,6,500,"Point E, Dakar, Sénégal"
2051,5,2,150,"Parcelle Assainies, Dakar, Sénégal"
2052,7,5,288,"Parcelle Assainies, Dakar, Sénégal"
2053,10,6,150,"Ouakam, Dakar, Sénégal"
2057,5,5,210,"Sipres, Dakar, Sénégal"
2058,3,2,150,"HLM, Dakar, Sénégal"
2060,7,5,200,"Mamelles, Dakar, Sénégal"
2061,13,2,150,"Keur Massar, Sénégal"
2062,5,2,150,"Dakar, Sénégal"
2064,5,1,150,"Toubab Dialao, Sénégal"
2065,6,5,300,"Keur Massar, Sénégal"
2066,5,7,150,"Keur Massar, Sénégal"
2068,8,6,150,"Rufisque, Sénégal"
2073,18,10,250,"Cambérène, Dakar, Sénégal"
2079,6,3,250,"Mamelles, Dakar, Sénégal"
2081,10,6,300,"Saly, Sénégal"
2082,7,4,205,"Parcelle Assainies, Dakar, Sénégal"
2086,8,5,400,"Ngor, Dakar, Sénégal"
2087,8,4,400,"Ouest Foire, Dakar, Sénégal"
2088,7,5,12,"Almadies, Dakar, Sénégal"
2089,6,5,12,"Dakar Plateau, Dakar, Sénégal"
2090,8,7,650,"Almadies, Dakar, Sénégal"
2091,6,3,180,"Mermoz-Sacré Coeur, Dakar, Sénégal"
2092,6,8,1214,"Fann, Dakar, Sénégal"
2095,5,4,518,"Ngaparou, Sénégal"
2096,3,1,150,"Rufisque, Sénégal"
2101,6,1,150,"Mbao, Dakar, Sénégal"
2102,5,4,150,"Ouakam, Dakar, Sénégal"
2103,4,2,160,"Keur Massar, Sénégal"
2104,4,2,150,"Dakar, Sénégal"
2106,5,4,250,"Rufisque, Sénégal"
2108,6,8,600,"Mermoz-Sacré Coeur, Dakar, Sénégal"
2109,18,10,12000,"Ngaparou, Sénégal"
2110,6,5,12,"Sacré-Coeur, Dakar, Sénégal"
2111,6,1,150,"Mbao, Dakar, Sénégal"
2113,3,3,750,"Mbour, Sénégal"
2114,4,4,150,"Parcelle Assainies, Dakar, Sénégal"
2115,4,3,600,"Saly, Sénégal"
2116,6,4,12,"Sacré-Coeur, Dakar, Sénégal"
2117,6,4,205,"Parcelle Assainies, Dakar, Sénégal"
2119,8,6,1808,"Mbour, Sénégal"
2120,8,4,1770,"Mbour, Sénégal"
2121,4,5,1463,"Saly, Sénégal"
2122,4,3,500,"Mbour, Sénégal"
2126,6,3,300,"Toubab Dialao, Sénégal"
2127,3,2,300,"Saly, Sénégal"
2128,4,4,1041,"Saly, Sénégal"
2129,2,2,300,"Saly, Sénégal"
2130,6,4,12,"Sacré-Coeur, Dakar, Sénégal"
2134,4,2,410,"Mbour, Sénégal"
2135,3,2,150,"Mbao, Dakar, Sénégal"
2137,4,3,10000,"Ngaparou, Sénégal"
2139,4,5,500,"Point E, Dakar, Sénégal"
2140,4,2,150,"Guediawaye, Dakar, Sénégal"
2141,4,2,150,"Mermoz-Sacré Coeur, Dakar, Sénégal"
2143,6,7,200,"Mamelles, Dakar, Sénégal"
2144,9,4,150,"Mermoz-Sacré Coeur, Dakar, Sénégal"
2145,5,3,518,"Ngaparou, Sénégal"
2146,7,4,265,"Grand Dakar, Dakar, Sénégal"
2147,7,3,150,"Pikine, Sénégal"
2149,3,2,500,"Mermoz-Sacré Coeur, Dakar, Sénégal"
2150,6,5,500,"Mermoz-Sacré Coeur, Dakar, Sénégal"
2151,6,4,21,"Sacré-Coeur, Dakar, Sénégal"
2152,5,4,150,"Keur Massar, Sénégal"
2153,6,3,150,"Parcelle Assainies, Dakar, Sénégal"
2154,3,2,150,"Keur Massar, Sénégal"
2155,5,3,230,"Mamelles, Dakar, Sénégal"
2156,6,4,12,"Sacré-Coeur, Dakar, Sénégal"
2160,7,6,500,"Almadies, Dakar, Sénégal"
2165,5,5,400,"Thies, Sénégal"
2166,6,4,12,"Sacré-Coeur, Dakar, Sénégal"
2167,13,6,450,"Almadies, Dakar, Sénégal"
2168,5,1,200,"Sicap Liberté, Dakar, Sénégal"
2170,4,2,150,"Mbao, Dakar, Sénégal"
2171,4,4,500,"Point E, Dakar, Sénégal"
2173,3,1,150,"Guediawaye, Dakar, Sénégal"
2174,6,4,12,"Sacré-Coeur, Dakar, Sénégal"
2175,4,4,500,"Point E, Dakar, Sénégal"
2176,4,4,150,"Thies, Sénégal"
2177,3,2,600,"Ngaparou, Sénégal"
2179,5,3,150,"Dakar, Sénégal"
2180,5,5,181,"Sicap Liberté, Dakar, Sénégal"
2181,4,4,500,"Touba, Sénégal"
2182,3,2,120,"Mamelles, Dakar, Sénégal"
2183,3,3,150,"Rufisque, Sénégal"
2185,4,5,1350,"Fann, Dakar, Sénégal"
2186,3,2,140,"Mamelles, Dakar, Sénégal"
2188,5,4,180,"Mermoz-Sacré Coeur, Dakar, Sénégal"
2189,5,4,600,"Saly, Sénégal"
2190,4,4,400,"Saly, Sénégal"
2191,4,4,180,"Pikine, Sénégal"
2195,12,10,2300,"Fann, Dakar, Sénégal"
2196,5,3,150,"Dakar, Sénégal"
2199,4,6,150,"Dakar, Sénégal"
2201,7,4,12,"Almadies, Dakar, Sénégal"
2202,5,4,159,"Rufisque, Sénégal"
2203,16,4,300,"Dakar, Sénégal"
2204,4,4,500,"Mbour, Sénégal"
2205,4,3,150,"Guediawaye, Dakar, Sénégal"
2206,5,3,150,"Almadies 2, Dakar, Sénégal"
2207,6,4,150,"Keur Massar, Sénégal"
2210,4,2,150,"Mermoz-Sacré Coeur, Dakar, Sénégal"
2212,3,1,150,"Lac rose, Sénégal"
2213,4,3,280,"Kaolack, Sénégal"
2214,53,4,1,"Dakar Plateau, Dakar, Sénégal"
2217,5,5,225,"Keur Massar, Sénégal"
2218,4,3,150,"Keur Massar, Sénégal"
2219,5,3,150,"Keur Massar, Sénégal"
2220,18,7,250,"Cambérène, Dakar, Sénégal"
2223,6,5,200,"Mbao, Dakar, Sénégal"
2224,6,7,200,"Mamelles, Dakar, Sénégal"
2225,7,4,150,"Mariste, Dakar, Sénégal"
2227,2,2,150,"Mbao, Dakar, Sénégal"
2228,4,1,225,"Thies, Sénégal"
2229,7,7,3200,"Dakar, Sénégal"
2230,7,2,150,"Dakar, Sénégal"
2231,4,2,300,"Thies, Sénégal"
2232,7,6,300,"Ndiass, Sénégal"
2233,6,5,2400,"Fann, Dakar, Sénégal"
2234,5,2,150,"Rufisque, Sénégal"
2238,7,5,1000,"Ngaparou, Sénégal"
2239,3,1,150,"Rufisque, Sénégal"
2241,6,6,200,"Thies, Sénégal"
2242,3,2,150,"Mamelles, Dakar, Sénégal"
2245,7,6,300,"Mamelles, Dakar, Sénégal"
2246,4,4,150,"Cambérène, Dakar, Sénégal"
2248,7,3,150,"Lac rose, Sénégal"
2249,12,6,300,"Dakar, Sénégal"
2251,5,5,600,"Saly, Sénégal"
2252,4,2,180,"Guediawaye, Dakar, Sénégal"
2253,7,8,200,"Mamelles, Dakar, Sénégal"
2255,5,7,500,"Almadies, Dakar, Sénégal"
2256,6,7,200,"Mamelles, Dakar, Sénégal"
2257,5,6,200,"Mermoz-Sacré Coeur, Dakar, Sénégal"
2258,7,5,500,"Yoff, Dakar, Sénégal"
2260,4,3,390,"Saly, Sénégal"
2261,5,4,250,"Almadies, Dakar, Sénégal"
2262,5,3,170,"Dakar, Sénégal"
2263,7,4,265,"Grand Dakar, Dakar, Sénégal"
2264,6,3,400,"Fatick, Sénégal"
2266,7,7,3200,"HLM, Dakar, Sénégal"
2267,7,5,300,"Yoff, Dakar, Sénégal"
2268,3,4,300,"Rufisque, Sénégal"
2269,18,6,600,"Ouest Foire, Dakar, Sénégal"
2272,4,5,210,"Sipres, Dakar, Sénégal"
2274,6,5,600,"Mermoz-Sacré Coeur, Dakar, Sénégal"
2275,6,5,380,"Mermoz-Sacré Coeur, Dakar, Sénégal"
2276,6,3,150,"Mamelles, Dakar, Sénégal"
2277,14,6,600,"Saly, Sénégal"
2278,3,1,200,"Dakar, Sénégal"
2279,6,3,1200,"Fatick, Sénégal"
2282,9,3,225,"Thies, Sénégal"
2286,10,2,225,"Parcelle Assainies, Dakar, Sénégal"
2287,9,6,175,"Rufisque, Sénégal"
2289,3,2,300,"Keur Massar, Sénégal"
2290,7,6,300,"Sacré-Coeur, Dakar, Sénégal"
2291,4,4,200,"Mboro, Sénégal"
2292,5,2,150,"Mermoz-Sacré Coeur, Dakar, Sénégal"
2293,7,6,180,"Ngor, Dakar, Sénégal"
2295,5,4,1300,"Mbour, Sénégal"
2298,8,5,500,"Hann Bel-Air, Dakar, Sénégal"
2299,4,3,200,"Diamniadio, Sénégal"
2300,6,4,250,"Sacré-Coeur, Dakar, Sénégal"
2303,6,5,150,"Rufisque, Sénégal"
2304,7,3,150,"Ouest Foire, Dakar, Sénégal"
2305,5,4,1800,"Saly, Sénégal"
2306,7,6,625,"Djily MBaye, Dakar, Sénégal"
2309,4,4,600,"Ngaparou, Sénégal"
2311,5,5,600,"Saly, Sénégal"
2312,11,11,300,"Mbour, Sénégal"
2315,8,4,400,"Touba, Sénégal"
2316,10,4,150,"Rufisque, Sénégal"
2317,6,4,200,"Yoff, Dakar, Sénégal"
2318,8,6,400,"Almadies, Dakar, Sénégal"
2322,8,7,625,"Djily MBaye, Dakar, Sénégal"
2324,17,13,650,"Almadies, Dakar, Sénégal"
2325,16,7,700,"Lac rose, Sénégal"
2326,5,5,500,"Almadies, Dakar, Sénégal"
2327,2,2,250,"Mbour, Sénégal"
2328,8,6,400,"Almadies, Dakar, Sénégal"
2329,6,4,300,"Mbour, Sénégal"
2333,15,7,180,"Keur Massar, Sénégal"
2336,8,5,229,"Sacré-Coeur, Dakar, Sénégal"
2337,4,3,225,"Mbao, Dakar, Sénégal"
2339,3,2,150,"Diamniadio, Sénégal"
2340,6,4,67,"Yoff, Dakar, Sénégal"
2344,4,3,225,"Mbao, Dakar, Sénégal"
2346,4,3,150,"Dakar, Sénégal"
2347,6,4,175,"Grand Dakar, Dakar, Sénégal"
2350,5,2,250,"Mbour, Sénégal"
2351,4,3,150,"Rufisque, Sénégal"
2352,4,3,486,"Mbour, Sénégal"
2353,15,10,60,"Almadies, Dakar, Sénégal"
2354,6,4,500,"Yoff, Dakar, Sénégal"
2356,8,4,150,"Guediawaye, Dakar, Sénégal"
2358,5,2,150,"Guediawaye, Dakar, Sénégal"
2360,14,17,200,"Ngaparou, Sénégal"
2363,5,3,150,"Almadies 2, Dakar, Sénégal"
2365,9,7,250,"Point E, Dakar, Sénégal"
2368,9,5,900,"Rufisque, Sénégal"
2369,2,1,300,"Saly, Sénégal"
2374,7,6,300,"Point E, Dakar, Sénégal"
2375,4,1,150,"Rufisque, Sénégal"
2376,15,5,300,"Mermoz-Sacré Coeur, Dakar, Sénégal"
2377,15,3,154,"Sipres, Dakar, Sénégal"
2380,10,10,1,"Rufisque, Sénégal"
2385,1,3,250,"Grand Yoff, Dakar, Sénégal"
2386,5,3,150,"Mbao, Dakar, Sénégal"
2389,5,4,190,"Ngaparou, Sénégal"
2390,5,3,180,"Mermoz-Sacré Coeur, Dakar, Sénégal"
2391,6,5,150,"Almadies 2, Dakar, Sénégal"
2392,7,1,300,"Kaolack, Sénégal"
2393,2,1,150,"Dakar, Sénégal"
2396,4,3,1,"Sicap Liberté, Dakar, Sénégal"
2397,8,4,150,"Mbao, Dakar, Sénégal"
2398,15,8,78,"Almadies, Dakar, Sénégal"
2399,6,5,21,"Yoff, Dakar, Sénégal"
2400,8,5,200,"Dakar, Sénégal"
2408,8,8,300,"Mermoz-Sacré Coeur, Dakar, Sénégal"
2409,6,5,350,"Almadies, Dakar, Sénégal"
2410,7,5,1000,"Almadies, Dakar, Sénégal"
2411,6,4,1000,"Almadies, Dakar, Sénégal"
2412,6,5,750,"Almadies, Dakar, Sénégal"
2413,4,4,413,"Saly, Sénégal"
2414,10,7,300,"Almadies, Dakar, Sénégal"
2415,7,5,900,"Mermoz-Sacré Coeur, Dakar, Sénégal"
2416,5,2,150,"Keur Massar, Sénégal"
2419,4,4,250,"Almadies 2, Dakar, Sénégal"
2420,3,3,225,"Ngaparou, Sénégal"
2422,8,4,150,"Dakar, Sénégal"
2425,8,5,200,"Dakar, Sénégal"
2426,9,6,150,"Keur Massar, Sénégal"
2427,9,4,500,"Ziguinchor, Sénégal"
2428,5,4,520,"Saly, Sénégal"
2433,4,2,400,"Mboro, Sénégal"
2434,7,4,162,"Guédiawaye, Dakar, Sénégal"
2437,4,4,202,"Mamelles, Dakar, Sénégal"
2438,8,2,650,"Touba, Sénégal"
2439,7,5,200,"Mermoz-Sacré Coeur, Dakar, Sénégal"
2440,13,6,3200,"Dakar, Sénégal"
2442,8,2,175,"Fatick, Sénégal"
2443,5,5,380,"Mamelles, Dakar, Sénégal"
2444,7,5,200,"Mermoz-Sacré Coeur, Dakar, Sénégal"
2445,7,3,200,"Almadies, Dakar, Sénégal"
2446,5,4,400,"Mamelles, Dakar, Sénégal"
2447,6,4,300,"Pikine, Sénégal"
2448,3,2,300,"Keur Massar, Sénégal"
2449,6,4,260,"Mamelles, Dakar, Sénégal"
2451,7,5,250,"Mamelles, Dakar, Sénégal"
2453,10,4,350,"Guediawaye, Dakar, Sénégal"
2454,5,4,1500,"Ngaparou, Sénégal"
2456,7,5,250,"Mamelles, Dakar, Sénégal"
2457,3,2,300,"Toubab Dialao, Sénégal"
2458,3,2,300,"Toubab Dialao, Sénégal"
2459,7,5,150,"Sicap Liberté, Dakar, Sénégal"
2461,13,4,380,"Dakar, Sénégal"
2462,7,5,265,"Mamelles, Dakar, Sénégal"
2464,7,3,200,"Almadies, Dakar, Sénégal"
2465,7,6,365,"Dakar, Sénégal"
2466,7,6,365,"Dakar, Sénégal"
2468,4,3,200,"Diamniadio, Sénégal"
2470,6,4,210,"Dakar, Sénégal"
2471,4,2,400,"Saly, Sénégal"
2473,6,3,292,"Mermoz-Sacré Coeur, Dakar, Sénégal"
2475,8,7,450,"Yoff, Dakar, Sénégal"
2476,21,2,260,"Ouakam, Dakar, Sénégal"
2477,4,4,150,"Keur Massar, Sénégal"
2478,4,3,195,"Mermoz-Sacré Coeur, Dakar, Sénégal"
2479,6,5,500,"Dakar, Sénégal"
2480,7,6,315,"Mermoz-Sacré Coeur, Dakar, Sénégal"
2481,5,4,230,"Ngaparou, Sénégal"
2482,7,4,12,"Fann, Dakar, Sénégal"
2483,8,8,150,"Parcelle Assainies, Dakar, Sénégal"
2484,8,6,413,"Mbour, Sénégal"
2486,7,2,300,"Mbour, Sénégal"
2487,4,4,150,"Hann Bel-Air, Dakar, Sénégal"
2489,4,2,100,"Sicap Liberté, Dakar, Sénégal"
2490,8,6,350,"Mamelles, Dakar, Sénégal"
2491,12,5,150,"Grand Dakar, Dakar, Sénégal"
2492,6,5,600,"Mbour, Sénégal"
2494,5,4,12,"Fann, Dakar, Sénégal"
2495,4,3,150,"Rufisque, Sénégal"
2497,5,4,275,"Mermoz-Sacré Coeur, Dakar, Sénégal"
2499,3,1,150,"Dakar, Sénégal"
2500,3,1,150,"Mbao, Dakar, Sénégal"
2501,6,5,1350,"Fann, Dakar, Sénégal"
2502,4,2,180,"Dakar, Sénégal"
2503,4,4,1300,"Mbour, Sénégal"
2504,6,3,413,"Saly, Sénégal"
2505,7,2,160,"Keur Massar, Sénégal"
2508,6,4,6000,"Dakar, Sénégal"
2509,8,5,200,"Dakar, Sénégal"
2512,5,4,500,"Saly, Sénégal"
2513,4,2,187,"Ouest Foire, Dakar, Sénégal"
2514,5,5,150,"Keur Massar, Sénégal"
2516,7,3,488,"Ngaparou, Sénégal"
2517,4,3,300,"Ngaparou, Sénégal"
2518,7,5,250,"Mamelles, Dakar, Sénégal"
2520,10,6,600,"Almadies, Dakar, Sénégal"
2521,5,6,250,"Mbao, Dakar, Sénégal"
2522,9,6,900,"Thies, Sénégal"
2523,5,3,400,"Ouest Foire, Dakar, Sénégal"
2524,3,2,150,"Keur Massar, Sénégal"
2526,4,4,200,"Mamelles, Dakar, Sénégal"
2527,4,3,150,"Guediawaye, Dakar, Sénégal"
2528,7,5,250,"Almadies, Dakar, Sénégal"
2533,6,6,200,"Mermoz-Sacré Coeur, Dakar, Sénégal"
2535,5,5,2500,"Saly, Sénégal"
2536,5,3,12,"Mermoz-Sacré Coeur, Dakar, Sénégal"
2538,7,5,200,"Mbao, Dakar, Sénégal"
2540,8,5,1500,"Ouakam, Dakar, Sénégal"
2546,6,2,150,"Keur Massar, Sénégal"
2549,15,9,285,"Sicap Liberté, Dakar, Sénégal"
2550,5,5,250,"Mamelles, Dakar, Sénégal"
2551,4,1,320,"Touba, Sénégal"
2552,6,2,267,"Keur Massar, Sénégal"
2553,4,2,200,"Yoff, Dakar, Sénégal"
2554,9,4,150,"Keur Massar, Sénégal"
2556,8,6,350,"Mamelles, Dakar, Sénégal"
2557,6,6,1,"Sicap Liberté, Dakar, Sénégal"
2559,4,2,2000,"Lac rose, Sénégal"
2561,8,5,222,"Dakar, Sénégal"
2562,2,2,110,"Saly, Sénégal"
2563,6,5,800,"Saly, Sénégal"
2564,21,15,180,"Ouakam, Dakar, Sénégal"
2565,4,2,300,"Mamelles, Dakar, Sénégal"
2566,3,2,110,"Sicap Liberté, Dakar, Sénégal"
2567,2,1,150,"Lac rose, Sénégal"
2568,20,5,150,"Mamelles, Dakar, Sénégal"
2569,7,4,200,"Rufisque, Sénégal"
2573,2,2,300,"Saly, Sénégal"
2574,5,4,700,"Dakar, Sénégal"
2575,6,5,200,"Sipres, Dakar, Sénégal"
2577,5,4,150,"Lac rose, Sénégal"
2578,4,2,150,"Keur Massar, Sénégal"
2579,8,5,300,"Thies, Sénégal"
2580,3,2,150,"Dakar, Sénégal"
2581,6,5,1350,"Fann, Dakar, Sénégal"
2582,14,4,274,"Mbao, Dakar, Sénégal"
2583,3,2,150,"Dakar, Sénégal"
2584,6,4,150,"Damel, Dakar, Sénégal"
2586,7,6,459,"Saly, Sénégal"
2587,11,5,150,"Guediawaye, Dakar, Sénégal"
2588,150,2,150,"Guediawaye, Dakar, Sénégal"
2590,8,6,459,"Saly, Sénégal"
2591,9,9,235,"Mamelles, Dakar, Sénégal"
2592,6,4,900,"Mermoz-Sacré Coeur, Dakar, Sénégal"
2593,6,5,800,"Almadies, Dakar, Sénégal"
2594,7,5,800,"Mermoz-Sacré Coeur, Dakar, Sénégal"
2595,7,6,200,"Mermoz-Sacré Coeur, Dakar, Sénégal"
2596,5,5,200,"Mermoz-Sacré Coeur, Dakar, Sénégal"
2597,7,6,2300,"Fann, Dakar, Sénégal"
2598,10,10,290,"Yoff, Dakar, Sénégal"
2601,7,8,200,"Mamelles, Dakar, Sénégal"
2602,4,3,200,"Keur Massar, Sénégal"
2603,3,2,150,"Rufisque, Sénégal"
2604,4,4,350,"Ngaparou, Sénégal"
2605,3,2,150,"Ngor, Dakar, Sénégal"
2606,3,2,700,"Saly, Sénégal"
2609,10,9,200,"Mamelles, Dakar, Sénégal"
2610,4,4,237,"Sipres, Dakar, Sénégal"
2611,8,4,187,"Ouest Foire, Dakar, Sénégal"
2613,6,5,150,"Mbao, Dakar, Sénégal"
2614,7,5,1500,"Ouakam, Dakar, Sénégal"
2615,6,4,150,"Mermoz-Sacré Coeur, Dakar, Sénégal"
2617,8,5,150,"Keur Massar, Sénégal"
2619,13,5,225,"Parcelle Assainies, Dakar, Sénégal"
2620,4,2,150,"Keur Massar, Sénégal"
2621,5,5,350,"Ouest Foire, Dakar, Sénégal"
2622,5,4,160,"Ouest Foire, Dakar, Sénégal"
2624,7,7,250,"Mamelles, Dakar, Sénégal"
2626,4,3,150,"Mbao, Dakar, Sénégal"
2627,4,2,150,"Rufisque, Sénégal"
2628,4,3,178,"Saint Louis, Sénégal"
2630,5,4,386,"Yoff, Dakar, Sénégal"
2631,5,5,150,"Mamelles, Dakar, Sénégal"
2632,8,5,200,"Dakar, Sénégal"
2636,5,4,150,"Almadies 2, Dakar, Sénégal"
2637,3,1,150,"Dakar, Sénégal"
2638,10,8,400,"Mariste, Dakar, Sénégal"
2639,6,5,200,"Sipres, Dakar, Sénégal"
2640,4,1,238,"Keur Massar, Sénégal"
2641,4,2,150,"Diamniadio, Sénégal"
2642,3,2,400,"Saly, Sénégal"
2643,9,4,150,"Sacré-Coeur, Dakar, Sénégal"
2647,6,4,300,"Sipres, Dakar, Sénégal"
2651,5,4,386,"Yoff, Dakar, Sénégal"
2652,6,6,11111,"Fann-Point E-Amitié, Dakar, Sénégal"
2654,7,8,938,"Ngaparou, Sénégal"
2655,7,3,500,"Hann Bel-Air, Dakar, Sénégal"
2656,5,3,180,"Mermoz-Sacré Coeur, Dakar, Sénégal"
2657,6,5,200,"Ouest Foire, Dakar, Sénégal"
2658,6,7,200,"Rufisque, Sénégal"
2659,5,5,400,"Yoff, Dakar, Sénégal"
2661,10,2,150,"Keur Massar, Sénégal"
2662,4,4,140,"Ouest Foire, Dakar, Sénégal"
2664,3,2,180,"Mamelles, Dakar, Sénégal"
2667,9,6,200,"Mbao, Dakar, Sénégal"
2668,6,7,2300,"Fann, Dakar, Sénégal"
2669,4,2,150,"Sipres, Dakar, Sénégal"
2670,8,7,225,"Sipres, Dakar, Sénégal"
2672,8,7,300,"Dakar, Sénégal"
2673,4,3,500,"Mermoz-Sacré Coeur, Dakar, Sénégal"
2674,3,3,300,"Mermoz-Sacré Coeur, Dakar, Sénégal"
2675,5,5,1500,"Mermoz-Sacré Coeur, Dakar, Sénégal"
2676,4,3,132,"Mbour, Sénégal"
2677,5,7,250,"Yoff, Dakar, Sénégal"
2678,3,2,100,"Sicap Liberté, Dakar, Sénégal"
2680,7,6,425,"Dakar, Sénégal"
2682,4,3,240,"Mbour, Sénégal"
2683,4,1,600,"Saly, Sénégal"
2684,3,3,300,"Saly, Sénégal"
2685,3,2,300,"Mbour, Sénégal"
2688,7,4,265,"Grand Dakar, Dakar, Sénégal"
2689,4,4,5080,"Fatick, Sénégal"
2690,8,5,222,"Dakar, Sénégal"
2691,4,3,150,"Sicap Liberté, Dakar, Sénégal"
2694,5,4,200,"Rufisque, Sénégal"
2696,4,4,300,"Saly, Sénégal"
2698,3,3,600,"Saly, Sénégal"
2699,6,2,200,"Dakar, Sénégal"
2701,7,7,453,"Ngaparou, Sénégal"
2704,3,1,115,"Dakar, Sénégal"
2706,8,5,152,"Dakar, Sénégal"
2708,7,4,150,"Parcelle Assainies, Dakar, Sénégal"
2709,7,5,265,"Mamelles, Dakar, Sénégal"
2710,9,6,250,"Mamelles, Dakar, Sénégal"
2711,6,4,12,"Sacré-Coeur, Dakar, Sénégal"
2715,3,2,318,"Saly, Sénégal"
2719,4,3,180,"Fann, Dakar, Sénégal"
2720,3,3,300,"Mamelles, Dakar, Sénégal"
2721,5,5,800,"Saly, Sénégal"
2722,6,7,1500,"Ouakam, Dakar, Sénégal"
2723,2,2,150,"Dakar, Sénégal"
2725,7,4,400,"Saly, Sénégal"
2726,5,4,200,"Hann Bel-Air, Dakar, Sénégal"
2727,8,5,180,"Yoff, Dakar, Sénégal"
2728,8,5,222,"Dakar, Sénégal"
2730,8,6,340,"Biscuiterie, Dakar, Sénégal"
2731,3,3,250,"Point E, Dakar, Sénégal"
2735,7,6,300,"Mamelles, Dakar, Sénégal"
2737,6,2,150,"Dakar, Sénégal"
2738,5,3,150,"Mariste, Dakar, Sénégal"
2740,4,4,200,"Mamelles, Dakar, Sénégal"
2741,5,4,200,"Mermoz-Sacré Coeur, Dakar, Sénégal"
2742,6,5,150,"Dakar, Sénégal"
2743,8,4,300,"Rufisque, Sénégal"
2744,4,2,164,"Rufisque, Sénégal"
2745,8,5,150,"Sicap foire, Dakar, Sénégal"
2747,4,2,247,"Keur Massar, Sénégal"
2748,6,4,250,"Sicap Liberté, Dakar, Sénégal"
2750,8,6,400,"Mbao, Dakar, Sénégal"
2751,6,4,386,"Yoff, Dakar, Sénégal"
2752,3,3,300,"Mamelles, Dakar, Sénégal"
2754,4,4,300,"Ngaparou, Sénégal"
2755,4,4,300,"Ngaparou, Sénégal"
2756,5,2,240,"Dakar, Sénégal"
2757,4,3,150,"Diamniadio, Sénégal"
2762,5,3,185,"Sacré-Coeur, Dakar, Sénégal"
2766,5,2,150,"Mbao, Dakar, Sénégal"
2769,7,7,397,"Sicap Liberté, Dakar, Sénégal"
2770,5,3,180,"Sacré-Coeur, Dakar, Sénégal"
2772,3,3,176,"Toubab Dialao, Sénégal"
2774,5,5,268,"Keur Massar, Sénégal"
2775,4,3,386,"Sicap Liberté, Dakar, Sénégal"
2777,6,6,750,"Ngaparou, Sénégal"
2778,4,3,2091,"Ngaparou, Sénégal"
2779,12,6,180,"Dakar, Sénégal"
2781,4,2,150,"Dakar, Sénégal"
2782,5,3,640,"Yoff, Dakar, Sénégal"
2783,4,3,150,"Mbao, Dakar, Sénégal"
2784,5,4,200,"Ngaparou, Sénégal"
2786,5,5,4200,"Saly, Sénégal"
2787,4,4,515,"Mbour, Sénégal"
2788,8,6,150,"Mamelles, Dakar, Sénégal"
2790,4,4,200,"Dakar, Sénégal"
2791,6,4,160,"Mamelles, Dakar, Sénégal"
2792,4,2,1111111111,"Dakar, Sénégal"
2793,6,3,150,"Mamelles, Dakar, Sénégal"
2794,6,4,150,"Ouakam, Dakar, Sénégal"
2795,4,3,180,"Sacré-Coeur, Dakar, Sénégal"
2796,6,5,12,"Mermoz-Sacré Coeur, Dakar, Sénégal"
2800,3,1,150,"Dakar, Sénégal"
2801,7,2,155,"Dakar, Sénégal"
2802,8,5,200,"Mamelles, Dakar, Sénégal"
2804,8,2,312,"Guediawaye, Dakar, Sénégal"
2807,5,2,150,"Guediawaye, Dakar, Sénégal"
2808,6,2,150,"Diamniadio, Sénégal"
2809,3,1,250,"Mermoz-Sacré Coeur, Dakar, Sénégal"
2810,3,2,170,"Dieuppeul-Derklé, Dakar, Sénégal"
2812,15,6,300,"Diamniadio, Sénégal"
2813,5,3,389,"Sicap Liberté, Dakar, Sénégal"
2814,4,2,300,"Sicap Liberté, Dakar, Sénégal"
2816,4,3,432,"Sicap Liberté, Dakar, Sénégal"
2817,7,4,265,"Grand Dakar, Dakar, Sénégal"
2818,10,5,400,"Thies, Sénégal"
2819,8,4,200,"Mbao, Dakar, Sénégal"
2820,4,2,325,"Sicap Liberté, Dakar, Sénégal"
2822,6,5,800,"Mermoz-Sacré Coeur, Dakar, Sénégal"
2823,10,8,900,"Mamelles, Dakar, Sénégal"
2824,6,5,150,"Mermoz-Sacré Coeur, Dakar, Sénégal"
2825,5,4,500,"Almadies, Dakar, Sénégal"
2829,5,6,511,"Fann, Dakar, Sénégal"
2830,5,4,250,"Sicap Liberté, Dakar, Sénégal"
2832,1,1,1111111111,"Saly, Sénégal"
2833,6,5,300,"Dakar, Sénégal"
2834,14,4,180,"Keur Massar, Sénégal"
2835,5,5,150,"Keur Massar, Sénégal"
2836,3,2,500,"Saly, Sénégal"
2837,8,5,222,"Dakar, Sénégal"
2838,9,3,265,"Mbour, Sénégal"
2840,8,5,150,"HLM, Dakar, Sénégal"
2841,5,4,250,"Ngor, Dakar, Sénégal"
2842,3,2,160,"Sicap Liberté, Dakar, Sénégal"
2843,3,2,160,"Mermoz-Sacré Coeur, Dakar, Sénégal"
2846,8,5,150,"Mbao, Dakar, Sénégal"
2847,8,6,400,"Mbao, Dakar, Sénégal"
2848,2,1,300,"Dakar, Sénégal"
2849,4,2,120,"Keur Massar, Sénégal"
2853,6,4,416,"Almadies, Dakar, Sénégal"
2854,6,4,200,"Ouest Foire, Dakar, Sénégal"
2858,5,2,225,"Rufisque, Sénégal"
2859,5,1,150,"Mbao, Dakar, Sénégal"
2860,4,2,150,"Rufisque, Sénégal"
2861,6,6,400,"Point E, Dakar, Sénégal"
2863,6,4,500,"Yoff, Dakar, Sénégal"
2864,5,5,600,"Thies, Sénégal"
2865,8,5,600,"Dakar, Sénégal"
2866,8,5,150,"Sicap Liberté, Dakar, Sénégal"
2868,14,10,150,"Mbao, Dakar, Sénégal"
2870,5,2,150,"Cambérène, Dakar, Sénégal"
2871,5,4,150,"Ouest Foire, Dakar, Sénégal"
2874,8,6,150,"Almadies 2, Dakar, Sénégal"
2875,6,4,150,"Dakar, Sénégal"
2876,11,6,150,"Almadies 2, Dakar, Sénégal"
2879,9,7,200,"Mamelles, Dakar, Sénégal"
2880,5,2,150,"Diamalaye 1, Dakar, Sénégal"
2881,4,2,150,"Almadies 2, Dakar, Sénégal"
2883,6,2,150,"Dakar, Sénégal"
2884,7,7,240,"Ngor, Dakar, Sénégal"
2885,4,6,189,"Mamelles, Dakar, Sénégal"
2886,6,4,350,"Almadies, Dakar, Sénégal"
2887,5,4,375,"Yoff, Dakar, Sénégal"
2889,4,3,200,"Dakar, Sénégal"
2891,4,4,250,"Dakar, Sénégal"
2892,3,3,180,"Dakar, Sénégal"
2893,4,2,202,"Keur Massar, Sénégal"
2894,4,4,600,"Mbour, Sénégal"
2897,6,5,12,"Sacré-Coeur, Dakar, Sénégal"
2899,4,2,150,"Dakar, Sénégal"
2900,6,5,2000,"Bambey, Sénégal"
2902,6,4,12,"Sacré-Coeur, Dakar, Sénégal"
2904,10,7,200,"Mamelles, Dakar, Sénégal"
2908,4,4,751,"Mermoz-Sacré Coeur, Dakar, Sénégal"
2911,3,2,1000,"Biscuiterie, Dakar, Sénégal"
2913,9,7,300,"Mariste, Dakar, Sénégal"
2914,4,4,415,"Mermoz-Sacré Coeur, Dakar, Sénégal"
2915,4,3,276,"Mermoz-Sacré Coeur, Dakar, Sénégal"
2916,5,4,480,"Toubab Dialao, Sénégal"
2917,5,2,300,"Thies, Sénégal"
2919,4,2,500,"Toubab Dialao, Sénégal"
2920,4,3,160,"Mbao, Dakar, Sénégal"
2925,4,3,150,"Cambérène, Dakar, Sénégal"
2930,5,2,150,"Dakar, Sénégal"
2932,10,8,440,"Djily MBaye, Dakar, Sénégal"
2933,8,5,222,"Dakar, Sénégal"
2935,12,6,470,"Dakar, Sénégal"
2936,6,5,250,"Dakar, Sénégal"
2939,6,6,150,"Sipres, Dakar, Sénégal"
2940,13,12,12,"Point E, Dakar, Sénégal"
2941,7,7,190,"Mamelles, Dakar, Sénégal"
2943,5,2,300,"Dakar, Sénégal"
2944,9,7,250,"Mamelles, Dakar, Sénégal"
2945,6,4,12,"Mermoz-Sacré Coeur, Dakar, Sénégal"
2946,8,8,450,"Louga, Sénégal"
2947,4,2,300,"Fann-Point E-Amitié, Dakar, Sénégal"
2949,5,3,200,"Mermoz-Sacré Coeur, Dakar, Sénégal"
2950,5,3,200,"Mermoz-Sacré Coeur, Dakar, Sénégal"
2952,5,2,300,"Dakar, Sénégal"
2954,3,3,150,"Thies, Sénégal"
2956,3,2,80,"Saly, Sénégal"
2959,5,4,1300,"Saly, Sénégal"
2961,4,4,150,"Saly, Sénégal"
2963,7,6,4000,"Toubab Dialao, Sénégal"
2964,5,3,155,"Grand Dakar, Dakar, Sénégal"
2967,4,4,150,"Rufisque, Sénégal"
2968,7,3,180,"Ouest Foire, Dakar, Sénégal"
2969,7,5,320,"Almadies, Dakar, Sénégal"
2970,9,7,350,"Yoff, Dakar, Sénégal"
2971,6,6,700,"Ngor, Dakar, Sénégal"
2973,6,6,900,"Almadies, Dakar, Sénégal"
2974,3,2,120,"Ngor, Dakar, Sénégal"
2976,3,3,150,"Dakar, Sénégal"
2977,2,2,300,"Saly, Sénégal"
2983,8,5,222,"Dakar, Sénégal"
2984,4,2,150,"Lac rose, Sénégal"
2985,3,2,160,"Keur Massar, Sénégal"
2986,7,9,1000,"Point E, Dakar, Sénégal"
2990,5,4,300,"Dakar, Sénégal"
2993,2,4,150,"Saly, Sénégal"
2995,9,5,150,"Rufisque, Sénégal"
2998,6,2,300,"Thies, Sénégal"
2999,1,2,150,"Dakar, Sénégal"
3001,10,7,480,"Almadies, Dakar, Sénégal"
3002,5,4,356,"Ouakam, Dakar, Sénégal"
3003,14,7,450,"Djily MBaye, Dakar, Sénégal"
3009,5,2,180,"Saly, Sénégal"
3010,5,2,356,"Ouakam, Dakar, Sénégal"
3011,5,5,300,"Mermoz-Sacré Coeur, Dakar, Sénégal"
3016,3,1,200,"Mariste, Dakar, Sénégal"
3017,4,2,200,"Diamniadio, Sénégal"
3018,5,3,200,"Rufisque, Sénégal"
3022,6,6,300,"Mbao, Dakar, Sénégal"
3023,4,3,356,"Ouakam, Dakar, Sénégal"
3024,8,3,150,"Keur Massar, Sénégal"
3025,5,5,1000,"Almadies, Dakar, Sénégal"
3028,9,10,600,"Yoff, Dakar, Sénégal"
3030,4,3,300,"Mbour, Sénégal"
3031,7,6,200,"Mamelles, Dakar, Sénégal"
3033,4,3,160,"Guediawaye, Dakar, Sénégal"
3036,10,8,1000,"Almadies, Dakar, Sénégal"
3037,6,4,150,"Medina, Dakar, Sénégal"
3038,3,2,150,"Parcelle Assainies, Dakar, Sénégal"
3039,3,2,150,"Parcelle Assainies, Dakar, Sénégal"
3041,4,3,100,"Keur Massar, Sénégal"
3043,3,2,180,"Dakar, Sénégal"
3044,6,5,300,"Sacré-Coeur, Dakar, Sénégal"
3045,6,2,150,"Dakar, Sénégal"
3046,5,4,150,"Sicap foire, Dakar, Sénégal"
3047,8,7,200,"Mamelles, Dakar, Sénégal"
3051,6,4,591,"Mbour, Sénégal"
3052,14,4,150,"Parcelle Assainies, Dakar, Sénégal"
3056,6,7,250,"Almadies, Dakar, Sénégal"
3057,6,4,183,"Damel, Dakar, Sénégal"
3058,6,5,1063,"Ouakam, Dakar, Sénégal"
3060,5,6,150,"Mbao, Dakar, Sénégal"
3061,4,4,150,"Almadies, Dakar, Sénégal"
3062,6,3,170,"Fatick, Sénégal"
3063,5,2,300,"Thies, Sénégal"
3066,9,8,150,"Keur Massar, Sénégal"
3067,6,5,1000,"Mbour, Sénégal"
3068,3,1,150,"Dakar, Sénégal"
3069,4,3,150,"Dakar, Sénégal"
3070,10,8,150,"Mamelles, Dakar, Sénégal"
3071,3,2,150,"Mbao, Dakar, Sénégal"
3073,3,2,150,"Keur Massar, Sénégal"
3074,3,2,500,"Dakar, Sénégal"
3075,4,1,320,"Touba, Sénégal"
3076,6,6,500,"Fann, Dakar, Sénégal"
3077,9,8,150,"Dakar, Sénégal"
3078,6,6,150,"Dakar, Sénégal"
3079,6,5,400,"Sacré-Coeur, Dakar, Sénégal"
3080,4,3,110,"Saly, Sénégal"
3081,6,6,150,"Almadies 2, Dakar, Sénégal"
3082,4,1,150,"Mermoz-Sacré Coeur, Dakar, Sénégal"
3083,12,5,200,"Almadies, Dakar, Sénégal"
3087,4,2,150,"Mermoz-Sacré Coeur, Dakar, Sénégal"
3088,6,5,500,"Dieuppeul-Derklé, Dakar, Sénégal"
3089,6,8,500,"Dieuppeul-Derklé, Dakar, Sénégal"
3090,3,3,300,"Mamelles, Dakar, Sénégal"
3091,5,5,285,"Djily MBaye, Dakar, Sénégal"
3092,4,2,107,"Diamniadio, Sénégal"
3093,10,7,600,"Ouakam, Dakar, Sénégal"
3094,6,5,600,"Almadies, Dakar, Sénégal"
3095,6,5,200,"Mamelles, Dakar, Sénégal"
3096,3,2,300,"Saly, Sénégal"
3097,5,6,400,"Dakar, Sénégal"
3099,8,4,150,"Rufisque, Sénégal"
3100,5,4,250,"Mermoz-Sacré Coeur, Dakar, Sénégal"
3101,8,3,200,"Pikine, Sénégal"
3102,3,5,200,"Sicap Liberté, Dakar, Sénégal"
3103,3,1,112,"Keur Massar, Sénégal"
3104,5,4,12,"Mermoz-Sacré Coeur, Dakar, Sénégal"
3105,15,5,610,"Saint Louis, Sénégal"
3107,5,2,400,"Malikounda, Sénégal"
3109,3,3,600,"Thies, Sénégal"
3110,3,3,900,"Thies, Sénégal"
3111,5,4,170,"Almadies 2, Dakar, Sénégal"
3113,3,1,150,"Dakar, Sénégal"
3114,7,5,150,"Rufisque, Sénégal"
3115,5,5,200,"Mamelles, Dakar, Sénégal"
3116,10,8,900,"Almadies, Dakar, Sénégal"
3117,3,3,600,"Saly, Sénégal"
3118,4,4,252,"Mariste, Dakar, Sénégal"
3119,4,1,238,"Keur Massar, Sénégal"
3120,6,5,150,"Guediawaye, Dakar, Sénégal"
3122,18,12,180,"Rufisque, Sénégal"
3124,3,2,114,"Sicap Liberté, Dakar, Sénégal"
3125,6,3,252,"Mariste, Dakar, Sénégal"
3127,6,3,356,"Ouakam, Dakar, Sénégal"
3128,6,4,500,"Dieuppeul-Derklé, Dakar, Sénégal"
3129,6,3,743,"Dakar, Sénégal"
3130,6,4,200,"Mbao, Dakar, Sénégal"
3131,6,2,15,"Touba, Sénégal"
3132,6,2,15,"Touba, Sénégal"
3133,8,5,200,"Mamelles, Dakar, Sénégal"
3139,9,8,500,"Almadies, Dakar, Sénégal"
3141,6,4,375,"Almadies, Dakar, Sénégal"
3142,8,5,200,"Dakar, Sénégal"
3143,4,2,150,"Mbao, Dakar, Sénégal"
3145,7,9,20,"Mamelles, Dakar, Sénégal"
3149,10,8,300,"Hann Bel-Air, Dakar, Sénégal"
3150,5,2,150,"Keur Massar, Sénégal"
3151,6,7,250,"Almadies, Dakar, Sénégal"
3152,5,4,200,"Mamelles, Dakar, Sénégal"
3153,5,5,350,"Almadies, Dakar, Sénégal"
3154,10,6,150,"Dakar, Sénégal"
3155,4,1,320,"Touba, Sénégal"
3156,5,1,150,"Keur Massar, Sénégal"
3158,6,4,256,"Saly, Sénégal"
3160,15,10,204,"Dakar, Sénégal"
3162,4,4,900,"Thies, Sénégal"
3163,13,5,425,"Ngor, Dakar, Sénégal"
3164,10,4,170,"Parcelle Assainies, Dakar, Sénégal"
3165,6,4,200,"Mamelles, Dakar, Sénégal"
3167,4,4,550,"Mbour, Sénégal"
3168,8,8,150,"Dakar, Sénégal"
3170,6,8,250,"Almadies, Dakar, Sénégal"
3173,8,7,500,"Almadies, Dakar, Sénégal"
3174,6,5,150,"Sipres, Dakar, Sénégal"
3176,7,4,350,"Mamelles, Dakar, Sénégal"
3178,5,5,180,"Ouest Foire, Dakar, Sénégal"
3179,5,5,180,"Almadies, Dakar, Sénégal"
3181,7,4,200,"Almadies, Dakar, Sénégal"
3182,4,3,150,"Keur Massar, Sénégal"
3184,5,2,300,"Thies, Sénégal"
3185,5,8,850,"Mermoz-Sacré Coeur, Dakar, Sénégal"
3186,7,9,500,"Almadies, Dakar, Sénégal"
3187,7,9,215,"Mamelles, Dakar, Sénégal"
3188,7,9,600,"Almadies, Dakar, Sénégal"
3189,4,2,200,"Keur Massar, Sénégal"
3190,7,4,200,"Almadies, Dakar, Sénégal"
3191,6,8,850,"Mermoz-Sacré Coeur, Dakar, Sénégal"
3192,6,8,417,"Ngor, Dakar, Sénégal"
3193,9,6,150,"Keur Massar, Sénégal"
3194,8,8,950,"Ngaparou, Sénégal"
3195,5,4,150,"Sacré-Coeur, Dakar, Sénégal"
3196,5,2,253,"Dieuppeul-Derklé, Dakar, Sénégal"
3198,6,6,400,"Mermoz-Sacré Coeur, Dakar, Sénégal"
3204,3,3,200,"Mbao, Dakar, Sénégal"
3206,5,3,300,"Saly, Sénégal"
3207,7,3,207,"Dakar, Sénégal"
3208,4,3,160,"Dakar, Sénégal"
3211,5,4,237,"Dakar, Sénégal"
3212,777,2275,150150,"Dakar, Sénégal"
3213,7,4,400,"Yoff, Dakar, Sénégal"
3214,4,1,235,"Fann, Dakar, Sénégal"
3215,1,1,380,"Dakar, Sénégal"
3216,6,5,500,"Yoff, Dakar, Sénégal"
3217,5,5,12,"Sacré-Coeur, Dakar, Sénégal"
3218,17,17,7500,"Mbour, Sénégal"
3220,4,3,600,"Saly, Sénégal"
3221,6,5,200,"Mariste, Dakar, Sénégal"
3222,7,4,450,"Thies, Sénégal"
3223,4,4,12,"Dakar Plateau, Dakar, Sénégal"
3224,6,5,12,"Mermoz-Sacré Coeur, Dakar, Sénégal"
3227,6,4,259,"Dakar, Sénégal"
3228,3,2,150,"Yoff, Dakar, Sénégal"
3229,5,4,150,"Mamelles, Dakar, Sénégal"
3230,5,4,237,"Sipres, Dakar, Sénégal"
3231,4,3,533,"Sicap Liberté, Dakar, Sénégal"
3233,7,4,700,"Mbour, Sénégal"
3234,3,2,300,"Mbour, Sénégal"
3237,6,3,200,"Ngor, Dakar, Sénégal"
3238,6,6,300,"Mermoz-Sacré Coeur, Dakar, Sénégal"
3239,6,5,500,"Yoff, Dakar, Sénégal"
3240,7,7,800,"Saly, Sénégal"
3241,6,5,450,"Djily MBaye, Dakar, Sénégal"
3242,6,5,450,"Djily MBaye, Dakar, Sénégal"
3243,4,3,500,"Dakar, Sénégal"
3244,6,7,1,"Almadies, Dakar, Sénégal"
3245,6,4,1000,"Saly, Sénégal"
3247,6,4,616,"Almadies, Dakar, Sénégal"
3249,5,3,300,"Saly, Sénégal"
3251,7,4,900,"Ngaparou, Sénégal"
3252,9,2,150,"Parcelle Assainies, Dakar, Sénégal"
3254,5,4,400,"Mbour, Sénégal"
3255,4,3,80,"Saly, Sénégal"
3256,4,3,150,"Guediawaye, Dakar, Sénégal"
3258,5,6,500,"Fann, Dakar, Sénégal"
3259,4,2,230,"Dakar, Sénégal"
3260,8,6,1000,"Almadies, Dakar, Sénégal"
3261,4,2,230,"Dakar, Sénégal"
3262,6,6,20,"Almadies, Dakar, Sénégal"
3263,5,4,200,"Mamelles, Dakar, Sénégal"
3264,9,8,150,"Dakar, Sénégal"
