,Nbrpieces,Nbr_salle_deB,superficie,addresse
0,2,2,50,"Fann, Dakar, Sénégal"
3,4,3,167,"Dakar, Sénégal"
6,5,5,311,"Almadies, Dakar, Sénégal"
7,4,5,180,"Ngor, Dakar, Sénégal"
8,3,3,150,"Fann, Dakar, Sénégal"
10,4,3,290,"Mermoz-Sacré Coeur, Dakar, Sénégal"
12,4,3,290,"Mermoz-Sacré Coeur, Dakar, Sénégal"
19,5,4,207,"Dakar, Sénégal"
23,2,2,67,"Sicap Liberté, Dakar, Sénégal"
24,4,4,224,"Dakar Plateau, Dakar, Sénégal"
25,5,4,180,"Sicap foire, Dakar, Sénégal"
26,7,3,150,"Sicap Liberté, Dakar, Sénégal"
27,4,4,249,"Dakar Plateau, Dakar, Sénégal"
30,1,1,100,"Sicap Liberté, Dakar, Sénégal"
31,4,3,214,"Mermoz-Sacré Coeur, Dakar, Sénégal"
32,4,4,243,"Fann, Dakar, Sénégal"
33,4,4,241,"Fann, Dakar, Sénégal"
34,4,4,234,"Mermoz-Sacré Coeur, Dakar, Sénégal"
37,2,2,65,"Mariste, Dakar, Sénégal"
39,3,2,200,"Rufisque, Sénégal"
40,3,3,200,"Mamelles, Dakar, Sénégal"
41,3,3,150,"Mamelles, Dakar, Sénégal"
42,4,4,180,"Yoff, Dakar, Sénégal"
47,3,3,150,"Saint Louis, Sénégal"
48,4,4,212,"Mermoz-Sacré Coeur, Dakar, Sénégal"
50,3,3,80,"Mariste, Dakar, Sénégal"
51,2,2,121,"Almadies, Dakar, Sénégal"
52,4,3,150,"Dakar, Sénégal"
56,5,4,180,"Sicap foire, Dakar, Sénégal"
59,4,5,200,"Mermoz-Sacré Coeur, Dakar, Sénégal"
61,4,5,249,"Mermoz-Sacré Coeur, Dakar, Sénégal"
65,4,3,180,"Fann, Dakar, Sénégal"
66,3,3,150,"Dakar, Sénégal"
75,5,4,100,"Mermoz-Sacré Coeur, Dakar, Sénégal"
76,3,3,100,"Mermoz-Sacré Coeur, Dakar, Sénégal"
77,2,2,100,"Ouest Foire, Dakar, Sénégal"
81,5,2,150,"Keur Massar, Sénégal"
85,2,1,150,"Mbao, Dakar, Sénégal"
86,3,2,150,"Almadies 2, Dakar, Sénégal"
87,3,4,216,"Point E, Dakar, Sénégal"
88,4,3,150,"Ouakam, Dakar, Sénégal"
89,3,2,81,"Mamelles, Dakar, Sénégal"
90,3,2,150,"Sicap foire, Dakar, Sénégal"
93,4,2,100,"Parcelle Assainies, Dakar, Sénégal"
95,4,2,130,"Almadies, Dakar, Sénégal"
96,2,3,100,"Almadies 2, Dakar, Sénégal"
101,3,2,150,"Mermoz-Sacré Coeur, Dakar, Sénégal"
102,4,4,150,"Point E, Dakar, Sénégal"
103,5,5,250,"Mamelles, Dakar, Sénégal"
104,5,5,230,"Yoff, Dakar, Sénégal"
109,4,4,200,"Mermoz-Sacré Coeur, Dakar, Sénégal"
111,3,3,120,"Yoff, Dakar, Sénégal"
112,3,3,125,"Point E, Dakar, Sénégal"
113,4,4,150,"Point E, Dakar, Sénégal"
114,3,2,140,"Mermoz-Sacré Coeur, Dakar, Sénégal"
119,4,3,160,"Mermoz-Sacré Coeur, Dakar, Sénégal"
120,4,4,250,"Point E, Dakar, Sénégal"
128,4,2,130,"Dakar, Sénégal"
131,5,4,229,"Almadies, Dakar, Sénégal"
132,4,4,189,"Mermoz-Sacré Coeur, Dakar, Sénégal"
133,4,4,155,"Ngor, Dakar, Sénégal"
135,4,4,190,"Mermoz-Sacré Coeur, Dakar, Sénégal"
137,4,5,170,"Mermoz-Sacré Coeur, Dakar, Sénégal"
138,4,3,200,"Almadies, Dakar, Sénégal"
139,5,3,225,"Yoff, Dakar, Sénégal"
140,3,3,200,"Mermoz-Sacré Coeur, Dakar, Sénégal"
142,4,2,100,"Almadies, Dakar, Sénégal"
143,3,3,150,"Dakar, Sénégal"
145,1,1,75,"Sacré-Coeur, Dakar, Sénégal"
146,4,4,190,"Mermoz-Sacré Coeur, Dakar, Sénégal"
147,7,2,150,"Ngor, Dakar, Sénégal"
148,3,1,75,"Fass, Dakar, Sénégal"
149,2,2,150,"Parcelle Assainies, Dakar, Sénégal"
153,4,4,200,"Mamelles, Dakar, Sénégal"
154,5,3,156,"Damel, Dakar, Sénégal"
155,4,3,111,"Dakar, Sénégal"
156,3,3,100,"Dakar, Sénégal"
157,4,2,200,"Sicap Liberté, Dakar, Sénégal"
158,4,4,190,"Mamelles, Dakar, Sénégal"
159,6,5,300,"Almadies, Dakar, Sénégal"
160,4,3,175,"Point E, Dakar, Sénégal"
161,2,1,150,"Sicap Liberté, Dakar, Sénégal"
162,4,2,160,"Dakar, Sénégal"
166,4,4,198,"Sacré-Coeur, Dakar, Sénégal"
168,4,3,180,"Fann, Dakar, Sénégal"
169,4,2,150,"Sacré-Coeur, Dakar, Sénégal"
170,3,2,100,"Sicap Liberté, Dakar, Sénégal"
171,3,3,70,"Mermoz-Sacré Coeur, Dakar, Sénégal"
173,3,2,120,"Mermoz-Sacré Coeur, Dakar, Sénégal"
174,5,4,235,"Yoff, Dakar, Sénégal"
176,2,2,90,"Dakar, Sénégal"
177,3,4,290,"Mermoz-Sacré Coeur, Dakar, Sénégal"
179,4,3,130,"Point E, Dakar, Sénégal"
180,1,1,54,"Mermoz-Sacré Coeur, Dakar, Sénégal"
182,3,2,150,"Almadies, Dakar, Sénégal"
184,5,4,237,"Yoff, Dakar, Sénégal"
185,6,6,473,"Yoff, Dakar, Sénégal"
186,4,3,111111,"Fann-Point E-Amitié, Dakar, Sénégal"
189,3,3,150,"Almadies, Dakar, Sénégal"
190,3,2,150,"Dakar, Sénégal"
191,3,2,150,"Dakar, Sénégal"
192,4,5,230,"Yoff, Dakar, Sénégal"
197,2,2,80,"Yoff, Dakar, Sénégal"
198,3,2,100,"Yoff, Dakar, Sénégal"
199,4,4,150,"Point E, Dakar, Sénégal"
200,4,4,175,"Ngor, Dakar, Sénégal"
202,4,4,290,"Point E, Dakar, Sénégal"
203,4,4,190,"Ouakam, Dakar, Sénégal"
204,5,6,370,"Almadies, Dakar, Sénégal"
208,3,3,100,"Ngor, Dakar, Sénégal"
209,5,4,160,"Yoff, Dakar, Sénégal"
210,2,2,100,"Point E, Dakar, Sénégal"
211,5,4,198,"Mermoz-Sacré Coeur, Dakar, Sénégal"
214,4,2,200,"Rufisque, Sénégal"
216,5,4,200,"Yoff, Dakar, Sénégal"
217,3,2,100,"Dakar, Sénégal"
219,2,1,150,"Dieuppeul-Derklé, Dakar, Sénégal"
221,4,4,100,"Sicap Liberté, Dakar, Sénégal"
222,4,4,245,"Ouakam, Dakar, Sénégal"
223,3,2,70,"Mermoz-Sacré Coeur, Dakar, Sénégal"
226,3,1,150,"Keur Massar, Sénégal"
228,5,4,175,"Yoff, Dakar, Sénégal"
229,4,3,147,"Almadies, Dakar, Sénégal"
241,3,3,140,"Mermoz-Sacré Coeur, Dakar, Sénégal"
242,4,4,200,"Fann, Dakar, Sénégal"
243,2,1,150,"Ouest Foire, Dakar, Sénégal"
244,3,1,150,"Ouest Foire, Dakar, Sénégal"
254,4,2,105,"Dakar, Sénégal"
255,4,2,170,"Ngaparou, Sénégal"
256,3,4,100,"Patte d'oie, Dakar, Sénégal"
257,4,3,140,"Point E, Dakar, Sénégal"
265,3,2,100,"Mbao, Dakar, Sénégal"
267,4,4,210,"Ouakam, Dakar, Sénégal"
268,3,2,128,"Mermoz-Sacré Coeur, Dakar, Sénégal"
271,1,1,50,"Dieuppeul-Derklé, Dakar, Sénégal"
274,2,1,250,"Ouakam, Dakar, Sénégal"
275,4,4,21,"Mamelles, Dakar, Sénégal"
276,4,4,290,"Fann, Dakar, Sénégal"
279,3,2,150,"Parcelle Assainies, Dakar, Sénégal"
283,3,3,153,"Sacré-Coeur, Dakar, Sénégal"
284,5,5,298,"Mermoz-Sacré Coeur, Dakar, Sénégal"
285,4,4,198,"Mamelles, Dakar, Sénégal"
288,3,2,150,"Ouakam, Dakar, Sénégal"
289,4,4,280,"Mamelles, Dakar, Sénégal"
292,3,3,150,"Almadies, Dakar, Sénégal"
294,2,1,250,"Mamelles, Dakar, Sénégal"
295,3,3,11,"Almadies, Dakar, Sénégal"
296,4,4,210,"Mamelles, Dakar, Sénégal"
297,3,2,11,"Dakar, Sénégal"
299,5,3,180,"Almadies, Dakar, Sénégal"
304,3,2,145,"Ngor, Dakar, Sénégal"
305,4,4,162,"Ngor, Dakar, Sénégal"
306,2,2,100,"Cambérène, Dakar, Sénégal"
308,4,4,11,"Mamelles, Dakar, Sénégal"
309,3,2,11,"Dakar, Sénégal"
312,3,1,100,"Sacré-Coeur, Dakar, Sénégal"
315,4,2,140,"Dakar, Sénégal"
316,10,3,200,"Point E, Dakar, Sénégal"
317,4,4,150,"Mermoz-Sacré Coeur, Dakar, Sénégal"
320,3,3,11,"Almadies, Dakar, Sénégal"
321,4,4,11,"Mamelles, Dakar, Sénégal"
322,4,4,200,"Mamelles, Dakar, Sénégal"
323,6,5,240,"Yoff, Dakar, Sénégal"
324,6,4,300,"Almadies, Dakar, Sénégal"
325,4,5,200,"Dakar, Sénégal"
326,4,2,100,"Sacré-Coeur, Dakar, Sénégal"
327,4,4,200,"Dakar Plateau, Dakar, Sénégal"
328,4,2,140,"Ouakam, Dakar, Sénégal"
334,4,4,129,"Mamelles, Dakar, Sénégal"
335,4,4,200,"Mermoz-Sacré Coeur, Dakar, Sénégal"
337,6,3,102,"Rufisque, Sénégal"
338,4,2,140,"Mamelles, Dakar, Sénégal"
339,3,2,200,"Mermoz-Sacré Coeur, Dakar, Sénégal"
341,4,4,200,"Ouakam, Dakar, Sénégal"
342,4,4,181,"Yoff, Dakar, Sénégal"
343,3,2,90,"Yoff, Dakar, Sénégal"
344,2,1,125,"Sicap foire, Dakar, Sénégal"
347,4,4,12,"Mamelles, Dakar, Sénégal"
350,3,3,200,"Almadies, Dakar, Sénégal"
351,3,3,105,"Yoff, Dakar, Sénégal"
352,3,3,120,"Ngor, Dakar, Sénégal"
353,4,3,147,"Almadies, Dakar, Sénégal"
354,3,3,12,"Almadies, Dakar, Sénégal"
358,3,3,200,"Mermoz-Sacré Coeur, Dakar, Sénégal"
359,3,4,150,"Yoff, Dakar, Sénégal"
360,3,4,150,"Yoff, Dakar, Sénégal"
371,3,2,150,"Guediawaye, Dakar, Sénégal"
372,2,2,1,"Mamelles, Dakar, Sénégal"
373,3,3,12,"Dakar Plateau, Dakar, Sénégal"
375,2,2,55,"Mermoz-Sacré Coeur, Dakar, Sénégal"
376,4,3,150,"Point E, Dakar, Sénégal"
377,4,4,210,"Point E, Dakar, Sénégal"
379,3,1,150,"Dakar, Sénégal"
381,1,1,40,"Ouest Foire, Dakar, Sénégal"
382,3,2,110,"Mamelles, Dakar, Sénégal"
384,4,4,200,"Dakar Plateau, Dakar, Sénégal"
386,4,3,160,"Mbao, Dakar, Sénégal"
387,3,3,200,"Almadies, Dakar, Sénégal"
389,5,4,214,"Fass, Dakar, Sénégal"
390,5,4,175,"Yoff, Dakar, Sénégal"
391,3,4,250,"Point E, Dakar, Sénégal"
392,4,4,11,"Dakar Plateau, Dakar, Sénégal"
393,3,3,150,"Point E, Dakar, Sénégal"
397,3,1,150,"Keur Massar, Sénégal"
400,4,3,160,"Mamelles, Dakar, Sénégal"
401,4,3,130,"Mariste, Dakar, Sénégal"
405,4,3,1111,"Fann-Point E-Amitié, Dakar, Sénégal"
406,3,2,107,"Point E, Dakar, Sénégal"
408,3,2,150,"Rufisque, Sénégal"
409,3,3,12,"Almadies, Dakar, Sénégal"
410,4,4,12,"Dakar Plateau, Dakar, Sénégal"
413,4,3,180,"Point E, Dakar, Sénégal"
421,3,2,190,"Ouakam, Dakar, Sénégal"
424,3,4,200,"Almadies, Dakar, Sénégal"
425,4,3,165,"Dakar, Sénégal"
432,4,3,12,"Sicap Liberté, Dakar, Sénégal"
433,4,3,12,"Almadies, Dakar, Sénégal"
437,4,3,140,"Almadies, Dakar, Sénégal"
438,5,5,240,"Yoff, Dakar, Sénégal"
441,5,5,240,"Yoff, Dakar, Sénégal"
445,4,4,220,"Mamelles, Dakar, Sénégal"
446,3,2,160,"Dakar, Sénégal"
449,2,2,150,"Almadies, Dakar, Sénégal"
450,6,5,250,"Yoff, Dakar, Sénégal"
452,4,3,12,"Sacré-Coeur, Dakar, Sénégal"
453,3,2,12,"Almadies, Dakar, Sénégal"
454,8,4,250,"Almadies, Dakar, Sénégal"
456,4,3,12,"Almadies, Dakar, Sénégal"
457,4,3,200,"Almadies, Dakar, Sénégal"
458,3,2,90,"Mermoz-Sacré Coeur, Dakar, Sénégal"
459,4,2,140,"Ouakam, Dakar, Sénégal"
460,2,2,65,"Almadies, Dakar, Sénégal"
461,2,2,65,"Almadies, Dakar, Sénégal"
466,4,3,12,"Almadies, Dakar, Sénégal"
467,4,2,12,"Sacré-Coeur, Dakar, Sénégal"
468,4,4,150,"Fass, Dakar, Sénégal"
471,4,2,12,"Sacré-Coeur, Dakar, Sénégal"
473,4,4,155,"Yoff, Dakar, Sénégal"
475,4,3,137,"Dakar Plateau, Dakar, Sénégal"
476,3,4,140,"Mermoz-Sacré Coeur, Dakar, Sénégal"
477,4,4,200,"Point E, Dakar, Sénégal"
479,3,3,150,"Mermoz-Sacré Coeur, Dakar, Sénégal"
480,4,3,150,"Rufisque, Sénégal"
481,4,3,145,"Point E, Dakar, Sénégal"
482,5,5,200,"Sipres, Dakar, Sénégal"
493,4,3,12,"Almadies, Dakar, Sénégal"
494,4,2,12,"Sacré-Coeur, Dakar, Sénégal"
495,3,4,200,"Hann Bel-Air, Dakar, Sénégal"
498,3,1,150,"Mamelles, Dakar, Sénégal"
501,3,2,120,"Saly, Sénégal"
504,3,2,150,"Rufisque, Sénégal"
510,4,2,100,"Dakar, Sénégal"
511,4,3,12,"Almadies, Dakar, Sénégal"
513,3,2,200,"Keur Massar, Sénégal"
518,4,4,168,"Sicap Liberté, Dakar, Sénégal"
519,5,5,300,"Ouakam, Dakar, Sénégal"
522,4,5,150,"Ouakam, Dakar, Sénégal"
524,3,2,91,"Mermoz-Sacré Coeur, Dakar, Sénégal"
525,2,2,45,"Ouakam, Dakar, Sénégal"
526,2,1,12,"Dakar Plateau, Dakar, Sénégal"
527,4,2,200,"Dakar, Sénégal"
529,4,3,12,"Almadies, Dakar, Sénégal"
533,4,2,1,"Sicap foire, Dakar, Sénégal"
535,4,3,200,"Ngor, Dakar, Sénégal"
537,4,3,12,"Dakar Plateau, Dakar, Sénégal"
538,4,4,200,"Mermoz-Sacré Coeur, Dakar, Sénégal"
540,4,3,12,"Almadies, Dakar, Sénégal"
541,4,2,12,"Sacré-Coeur, Dakar, Sénégal"
543,4,3,160,"Point E, Dakar, Sénégal"
546,2,3,100,"Mermoz-Sacré Coeur, Dakar, Sénégal"
547,3,2,85,"Mermoz-Sacré Coeur, Dakar, Sénégal"
548,2,2,80,"Mermoz-Sacré Coeur, Dakar, Sénégal"
549,2,2,75,"Mermoz-Sacré Coeur, Dakar, Sénégal"
550,4,4,200,"Point E, Dakar, Sénégal"
553,5,3,120,"Mermoz-Sacré Coeur, Dakar, Sénégal"
556,8,4,240,"Almadies, Dakar, Sénégal"
557,4,4,150,"Point E, Dakar, Sénégal"
558,4,3,100,"Almadies, Dakar, Sénégal"
559,3,2,80,"Almadies, Dakar, Sénégal"
560,3,2,150,"Grand Yoff, Dakar, Sénégal"
561,4,3,200,"Ngor, Dakar, Sénégal"
562,3,3,200,"Rufisque, Sénégal"
563,2,2,110,"Parcelle Assainies, Dakar, Sénégal"
566,3,2,25,"Sicap Liberté, Dakar, Sénégal"
569,4,3,160,"Mermoz-Sacré Coeur, Dakar, Sénégal"
571,3,1,1,"Dakar Plateau, Dakar, Sénégal"
572,2,2,75,"Mermoz-Sacré Coeur, Dakar, Sénégal"
575,5,3,12,"Dakar Plateau, Dakar, Sénégal"
579,3,3,1,"Mermoz-Sacré Coeur, Dakar, Sénégal"
580,3,2,150,"Sicap foire, Dakar, Sénégal"
581,3,2,1,"Mermoz-Sacré Coeur, Dakar, Sénégal"
582,4,3,150,"Ngor, Dakar, Sénégal"
585,4,2,140,"Mamelles, Dakar, Sénégal"
587,4,3,180,"Sicap Liberté, Dakar, Sénégal"
588,3,2,250,"Sicap Liberté, Dakar, Sénégal"
591,4,3,191,"Sacré-Coeur, Dakar, Sénégal"
593,4,4,220,"Sicap Liberté, Dakar, Sénégal"
594,5,4,12,"Dakar Plateau, Dakar, Sénégal"
595,4,3,300,"Sicap Liberté, Dakar, Sénégal"
598,4,3,12,"Almadies, Dakar, Sénégal"
599,6,3,200,"Sicap Liberté, Dakar, Sénégal"
600,2,3,155,"Ngor, Dakar, Sénégal"
604,4,5,191,"Sacré-Coeur, Dakar, Sénégal"
605,4,4,13,"Dakar Plateau, Dakar, Sénégal"
606,4,4,160,"Sicap Liberté, Dakar, Sénégal"
607,4,4,155,"Sicap Liberté, Dakar, Sénégal"
611,3,3,1111,"Fann-Point E-Amitié, Dakar, Sénégal"
614,3,3,1,"Mamelles, Dakar, Sénégal"
616,4,5,2000,"Almadies, Dakar, Sénégal"
619,4,4,1,"Sicap foire, Dakar, Sénégal"
621,2,1,150,"Ouest Foire, Dakar, Sénégal"
623,4,3,250,"Sicap Liberté, Dakar, Sénégal"
624,4,3,250,"Sicap Liberté, Dakar, Sénégal"
625,4,4,200,"Sicap Liberté, Dakar, Sénégal"
626,4,3,200,"Sicap Liberté, Dakar, Sénégal"
627,4,3,200,"Sicap Liberté, Dakar, Sénégal"
630,4,2,150,"Dakar, Sénégal"
631,3,3,130,"Ngor, Dakar, Sénégal"
632,4,4,168,"Sicap Liberté, Dakar, Sénégal"
633,3,4,190,"Point E, Dakar, Sénégal"
634,5,5,12,"Dakar Plateau, Dakar, Sénégal"
637,3,3,1,"Mermoz-Sacré Coeur, Dakar, Sénégal"
638,4,4,170,"Mamelles, Dakar, Sénégal"
639,3,2,12,"Almadies, Dakar, Sénégal"
640,5,3,625,"Fatick, Sénégal"
641,3,2,12,"Almadies, Dakar, Sénégal"
642,4,3,12,"Sicap Liberté, Dakar, Sénégal"
643,3,2,150,"Yoff, Dakar, Sénégal"
644,4,2,150,"Keur Massar, Sénégal"
645,2,2,80,"Ngor, Dakar, Sénégal"
648,5,5,250,"Ouakam, Dakar, Sénégal"
650,4,3,1,"Almadies, Dakar, Sénégal"
651,4,4,187,"Point E, Dakar, Sénégal"
652,3,2,80,"Guediawaye, Dakar, Sénégal"
654,5,3,150,"Dakar, Sénégal"
655,4,4,200,"Mermoz-Sacré Coeur, Dakar, Sénégal"
656,3,2,100,"Mariste, Dakar, Sénégal"
657,3,2,12,"Almadies, Dakar, Sénégal"
662,3,2,150,"Almadies 2, Dakar, Sénégal"
663,3,2,12,"Almadies, Dakar, Sénégal"
667,3,2,12,"Almadies, Dakar, Sénégal"
668,2,2,150,"Rufisque, Sénégal"
669,6,4,385,"Almadies, Dakar, Sénégal"
670,3,3,150,"Keur Massar, Sénégal"
671,5,5,230,"Yoff, Dakar, Sénégal"
672,3,2,12,"Sicap Liberté, Dakar, Sénégal"
678,3,2,100,"Keur Massar, Sénégal"
679,4,3,180,"Sicap Liberté, Dakar, Sénégal"
682,3,3,12,"Fann, Dakar, Sénégal"
683,4,3,250,"Dakar, Sénégal"
684,3,2,175,"Sacré-Coeur, Dakar, Sénégal"
685,4,4,250,"Ouakam, Dakar, Sénégal"
689,3,2,150,"Sicap Liberté, Dakar, Sénégal"
690,4,4,340,"Sacré-Coeur, Dakar, Sénégal"
692,2,1,155,"Mamelles, Dakar, Sénégal"
694,2,2,12,"Mermoz-Sacré Coeur, Dakar, Sénégal"
696,2,2,150,"Almadies, Dakar, Sénégal"
697,4,3,150,"Mamelles, Dakar, Sénégal"
699,2,2,300,"Thies, Sénégal"
700,7,3,50,"Mermoz-Sacré Coeur, Dakar, Sénégal"
701,3,3,200,"Point E, Dakar, Sénégal"
703,4,3,200,"Point E, Dakar, Sénégal"
704,4,4,160,"Sacré-Coeur, Dakar, Sénégal"
705,4,2,100,"Dakar, Sénégal"
709,3,3,75,"Grand Dakar, Dakar, Sénégal"
710,2,2,55,"Almadies, Dakar, Sénégal"
712,4,3,180,"Mariste, Dakar, Sénégal"
713,3,3,120,"Sicap Liberté, Dakar, Sénégal"
714,4,5,160,"Dakar, Sénégal"
715,4,2,1,"Sicap foire, Dakar, Sénégal"
716,3,2,1,"Sacré-Coeur, Dakar, Sénégal"
717,3,2,1,"Djily MBaye, Dakar, Sénégal"
718,3,2,1,"Patte d'oie, Dakar, Sénégal"
719,2,3,1,"Ngor, Dakar, Sénégal"
720,4,2,1,"Mamelles, Dakar, Sénégal"
721,3,1,1,"Mamelles, Dakar, Sénégal"
724,4,2,1,"Ouest Foire, Dakar, Sénégal"
726,5,3,110,"Mermoz-Sacré Coeur, Dakar, Sénégal"
727,4,2,1,"Parcelle Assainies, Dakar, Sénégal"
729,4,3,147,"Almadies, Dakar, Sénégal"
730,4,2,1,"Mamelles, Dakar, Sénégal"
732,3,1,1,"Ouest Foire, Dakar, Sénégal"
733,2,1,1,"Ouest Foire, Dakar, Sénégal"
734,3,1,1,"Almadies, Dakar, Sénégal"
735,4,2,1,"Sipres, Dakar, Sénégal"
736,2,2,1,"Djily MBaye, Dakar, Sénégal"
737,2,2,1,"Ouakam, Dakar, Sénégal"
738,4,2,1,"Mermoz-Sacré Coeur, Dakar, Sénégal"
739,2,2,150,"Mamelles, Dakar, Sénégal"
745,3,1,1,"Mamelles, Dakar, Sénégal"
748,3,1,98,"Parcelle Assainies, Dakar, Sénégal"
750,3,1,1,"Almadies, Dakar, Sénégal"
751,3,1,1,"Almadies, Dakar, Sénégal"
752,3,1,1,"Parcelle Assainies, Dakar, Sénégal"
757,4,2,150,"Sacré-Coeur, Dakar, Sénégal"
759,3,3,200,"Mermoz-Sacré Coeur, Dakar, Sénégal"
764,5,5,400,"Ngor, Dakar, Sénégal"
765,4,4,130,"Dakar, Sénégal"
766,3,3,150,"Rufisque, Sénégal"
767,5,4,225,"Ngor, Dakar, Sénégal"
768,4,3,130,"Mermoz-Sacré Coeur, Dakar, Sénégal"
770,3,3,200,"Mermoz-Sacré Coeur, Dakar, Sénégal"
773,5,5,212,"Point E, Dakar, Sénégal"
774,5,5,21,"Dakar Plateau, Dakar, Sénégal"
776,3,4,190,"Point E, Dakar, Sénégal"
778,5,5,250,"Almadies, Dakar, Sénégal"
779,5,3,200,"Mermoz-Sacré Coeur, Dakar, Sénégal"
780,5,4,280,"Fann, Dakar, Sénégal"
781,3,3,160,"Mamelles, Dakar, Sénégal"
783,9,4,188,"Yoff, Dakar, Sénégal"
784,2,2,55,"Almadies, Dakar, Sénégal"
785,3,2,100,"Mermoz-Sacré Coeur, Dakar, Sénégal"
787,4,3,130,"Ngor, Dakar, Sénégal"
789,3,1,150,"Mariste, Dakar, Sénégal"
791,2,2,150,"Ouest Foire, Dakar, Sénégal"
792,3,4,1,"Dakar, Sénégal"
793,5,5,310,"Dakar Plateau, Dakar, Sénégal"
794,4,4,12,"Fann, Dakar, Sénégal"
795,5,4,280,"Sacré-Coeur, Dakar, Sénégal"
796,4,3,1,"Dakar, Sénégal"
797,3,2,120,"Point E, Dakar, Sénégal"
799,4,5,150,"Point E, Dakar, Sénégal"
800,5,4,12,"Dakar Plateau, Dakar, Sénégal"
801,5,3,160,"Yoff, Dakar, Sénégal"
802,4,5,160,"Dakar, Sénégal"
808,4,4,100,"Point E, Dakar, Sénégal"
809,3,2,100,"Mermoz-Sacré Coeur, Dakar, Sénégal"
810,3,3,130,"Fann, Dakar, Sénégal"
811,3,2,128,"Ouest Foire, Dakar, Sénégal"
813,2,2,12,"Dakar Plateau, Dakar, Sénégal"
815,4,4,175,"Dakar, Sénégal"
816,3,2,100,"Almadies, Dakar, Sénégal"
817,3,3,100,"Almadies, Dakar, Sénégal"
818,4,4,150,"Almadies, Dakar, Sénégal"
819,3,3,210,"Point E, Dakar, Sénégal"
821,4,4,200,"Point E, Dakar, Sénégal"
822,5,4,175,"Yoff, Dakar, Sénégal"
823,4,3,200,"Yoff, Dakar, Sénégal"
828,4,3,210,"Point E, Dakar, Sénégal"
829,4,4,210,"Point E, Dakar, Sénégal"
832,4,3,150,"Mermoz-Sacré Coeur, Dakar, Sénégal"
837,3,3,130,"Sicap Liberté, Dakar, Sénégal"
838,3,2,75,"Sicap Liberté, Dakar, Sénégal"
839,2,2,150,"Hann Bel-Air, Dakar, Sénégal"
840,3,2,98,"Mamelles, Dakar, Sénégal"
841,5,4,200,"Yoff, Dakar, Sénégal"
842,5,5,251,"Dakar, Sénégal"
843,5,5,205,"Mermoz-Sacré Coeur, Dakar, Sénégal"
844,4,2,1,"Sacré-Coeur, Dakar, Sénégal"
847,2,1,60,"Ouakam, Dakar, Sénégal"
848,4,3,100,"Hann Bel-Air, Dakar, Sénégal"
849,4,4,120,"Point E, Dakar, Sénégal"
850,4,3,138,"Sicap foire, Dakar, Sénégal"
852,2,2,55,"Ouest Foire, Dakar, Sénégal"
853,5,5,200,"Point E, Dakar, Sénégal"
854,2,2,100,"Fann, Dakar, Sénégal"
856,5,4,200,"Yoff, Dakar, Sénégal"
857,4,3,150,"Fass, Dakar, Sénégal"
858,4,2,150,"Dakar Plateau, Dakar, Sénégal"
859,2,2,125,"Mamelles, Dakar, Sénégal"
865,6,5,200,"Mamelles, Dakar, Sénégal"
866,3,1,50,"Mamelles, Dakar, Sénégal"
867,2,1,100,"Ouakam, Dakar, Sénégal"
868,2,2,80,"Ngor, Dakar, Sénégal"
869,4,2,150,"Grand Yoff, Dakar, Sénégal"
870,2,2,150,"Sacré-Coeur, Dakar, Sénégal"
871,3,2,100,"Ouakam, Dakar, Sénégal"
872,3,3,150,"Fann, Dakar, Sénégal"
873,4,2,150,"Mamelles, Dakar, Sénégal"
875,3,3,12,"Dakar Plateau, Dakar, Sénégal"
879,3,1,100,"Dieuppeul-Derklé, Dakar, Sénégal"
880,4,3,175,"Sacré-Coeur, Dakar, Sénégal"
881,4,3,175,"Sacré-Coeur, Dakar, Sénégal"
883,4,3,105,"Almadies, Dakar, Sénégal"
884,3,3,90,"Grand Dakar, Dakar, Sénégal"
885,4,3,130,"Mermoz-Sacré Coeur, Dakar, Sénégal"
886,4,2,150,"Ouest Foire, Dakar, Sénégal"
887,4,3,80,"Sicap Liberté, Dakar, Sénégal"
891,4,5,250,"Almadies, Dakar, Sénégal"
892,4,2,1,"Sicap foire, Dakar, Sénégal"
897,5,2,200,"Sicap Liberté, Dakar, Sénégal"
898,4,3,200,"Dakar Plateau, Dakar, Sénégal"
899,3,2,150,"Almadies 2, Dakar, Sénégal"
901,4,3,192,"Point E, Dakar, Sénégal"
902,4,4,150,"Sicap Liberté, Dakar, Sénégal"
905,4,2,135,"Sipres, Dakar, Sénégal"
906,5,4,150,"Mermoz-Sacré Coeur, Dakar, Sénégal"
907,1,1,70,"Sicap Liberté, Dakar, Sénégal"
908,2,2,75,"Almadies, Dakar, Sénégal"
911,3,2,150,"Rufisque, Sénégal"
912,4,2,100,"Dakar Plateau, Dakar, Sénégal"
926,10,5,263,"Yoff, Dakar, Sénégal"
927,4,4,140,"Ouakam, Dakar, Sénégal"
928,4,3,300,"Louga, Sénégal"
930,2,3,125,"Sicap Liberté, Dakar, Sénégal"
932,4,4,170,"Yoff, Dakar, Sénégal"
933,4,4,155,"Point E, Dakar, Sénégal"
934,2,2,55,"Ouest Foire, Dakar, Sénégal"
936,3,3,1,"Almadies, Dakar, Sénégal"
937,1,1,60,"Almadies, Dakar, Sénégal"
938,3,2,95,"Mbao, Dakar, Sénégal"
939,3,3,150,"Sicap foire, Dakar, Sénégal"
942,3,3,200,"Mariste, Dakar, Sénégal"
943,3,2,150,"Dakar, Sénégal"
948,3,2,95,"Mbao, Dakar, Sénégal"
949,4,4,140,"Sicap Liberté, Dakar, Sénégal"
950,4,4,150,"Ouest Foire, Dakar, Sénégal"
951,4,3,250,"Fann, Dakar, Sénégal"
952,2,2,55,"Ouest Foire, Dakar, Sénégal"
953,3,2,1,"Dakar, Sénégal"
955,4,3,175,"Point E, Dakar, Sénégal"
956,4,3,190,"Point E, Dakar, Sénégal"
957,2,2,150,"Rufisque, Sénégal"
958,4,5,190,"Yoff, Dakar, Sénégal"
959,4,4,200,"Yoff, Dakar, Sénégal"
960,3,2,150,"Dakar, Sénégal"
966,5,3,12,"Mermoz-Sacré Coeur, Dakar, Sénégal"
967,3,2,150,"Mamelles, Dakar, Sénégal"
972,2,2,130,"Sicap Liberté, Dakar, Sénégal"
973,4,4,400,"Almadies, Dakar, Sénégal"
974,4,3,198,"Point E, Dakar, Sénégal"
978,3,2,120,"Sicap Liberté, Dakar, Sénégal"
979,4,4,175,"Ouakam, Dakar, Sénégal"
983,2,2,85,"Point E, Dakar, Sénégal"
984,4,4,180,"Mermoz-Sacré Coeur, Dakar, Sénégal"
985,4,3,180,"Fann, Dakar, Sénégal"
986,4,4,180,"Point E, Dakar, Sénégal"
987,4,4,180,"Yoff, Dakar, Sénégal"
988,5,4,175,"Yoff, Dakar, Sénégal"
989,5,5,400,"Yoff, Dakar, Sénégal"
990,8,4,220,"Almadies, Dakar, Sénégal"
992,3,2,120,"Yoff, Dakar, Sénégal"
993,2,1,40,"Diamniadio, Sénégal"
994,5,6,350,"Yoff, Dakar, Sénégal"
997,4,2,150,"Saly, Sénégal"
998,4,4,156,"Sicap foire, Dakar, Sénégal"
1000,4,4,300,"Yoff, Dakar, Sénégal"
1001,2,2,150,"Sicap Liberté, Dakar, Sénégal"
1002,3,2,160,"Ngaparou, Sénégal"
1003,4,4,200,"Gueule Tapée, Dakar, Sénégal"
1005,2,2,55,"Ouest Foire, Dakar, Sénégal"
1006,2,2,80,"Ouakam, Dakar, Sénégal"
1008,3,2,100,"Damel, Dakar, Sénégal"
1009,3,3,220,"Point E, Dakar, Sénégal"
1010,4,4,150,"Point E, Dakar, Sénégal"
1011,4,5,216,"Point E, Dakar, Sénégal"
1012,4,3,150,"Rufisque, Sénégal"
1015,4,4,200,"Mermoz-Sacré Coeur, Dakar, Sénégal"
1019,4,5,216,"Point E, Dakar, Sénégal"
1020,5,4,214,"Fass, Dakar, Sénégal"
1024,4,3,200,"Dakar, Sénégal"
1025,4,1,150,"Dakar, Sénégal"
1026,6,3,217,"Almadies, Dakar, Sénégal"
1027,3,2,100,"Point E, Dakar, Sénégal"
1028,4,3,200,"Dakar Plateau, Dakar, Sénégal"
1029,3,2,150,"Mermoz-Sacré Coeur, Dakar, Sénégal"
1030,4,4,160,"Fass, Dakar, Sénégal"
1031,4,5,200,"Dakar, Sénégal"
1032,4,4,230,"Yoff, Dakar, Sénégal"
1033,4,4,230,"Yoff, Dakar, Sénégal"
1034,4,4,160,"Fass, Dakar, Sénégal"
1035,3,3,130,"Mermoz-Sacré Coeur, Dakar, Sénégal"
1037,4,1,120,"Sicap Liberté, Dakar, Sénégal"
1038,3,3,150,"Rufisque, Sénégal"
1039,2,2,80,"Grand Dakar, Dakar, Sénégal"
1040,4,3,150,"Mamelles, Dakar, Sénégal"
1046,3,3,203,"Almadies, Dakar, Sénégal"
1047,3,3,147,"Point E, Dakar, Sénégal"
1048,3,2,110,"Almadies, Dakar, Sénégal"
1049,4,3,150,"Ouakam, Dakar, Sénégal"
1050,4,2,112,"Diamniadio, Sénégal"
1052,4,4,200,"Almadies, Dakar, Sénégal"
1055,4,4,240,"Dakar Plateau, Dakar, Sénégal"
1056,3,2,150,"Ngor, Dakar, Sénégal"
1059,3,2,150,"Mamelles, Dakar, Sénégal"
1060,3,2,150,"Mamelles, Dakar, Sénégal"
1062,4,3,117,"Yoff, Dakar, Sénégal"
1063,3,2,150,"Rufisque, Sénégal"
1066,6,3,235,"Diamniadio, Sénégal"
1067,2,2,1,"Sicap Liberté, Dakar, Sénégal"
1068,3,3,150,"Mermoz-Sacré Coeur, Dakar, Sénégal"
1071,4,4,170,"Almadies, Dakar, Sénégal"
1072,4,4,170,"Mamelles, Dakar, Sénégal"
1073,4,4,200,"Mamelles, Dakar, Sénégal"
1074,5,5,235,"Yoff, Dakar, Sénégal"
1075,4,4,169,"Dakar, Sénégal"
1077,4,2,150,"Rufisque, Sénégal"
1080,3,3,153,"Mermoz-Sacré Coeur, Dakar, Sénégal"
1086,4,3,187,"Mariste, Dakar, Sénégal"
1087,3,3,200,"Mermoz-Sacré Coeur, Dakar, Sénégal"
1089,4,2,150,"Rufisque, Sénégal"
1091,3,3,12,"Mermoz-Sacré Coeur, Dakar, Sénégal"
1093,3,3,127,"Ouest Foire, Dakar, Sénégal"
1096,4,3,137,"Mamelles, Dakar, Sénégal"
1097,4,5,190,"Yoff, Dakar, Sénégal"
1100,4,3,100,"Almadies 2, Dakar, Sénégal"
1101,4,4,198,"Mermoz-Sacré Coeur, Dakar, Sénégal"
1102,4,2,150,"Dakar, Sénégal"
1103,3,2,150,"Dakar, Sénégal"
1105,4,3,175,"Mariste, Dakar, Sénégal"
1106,5,3,175,"Mariste, Dakar, Sénégal"
1107,4,2,100,"Mermoz-Sacré Coeur, Dakar, Sénégal"
1118,5,4,12,"Dakar Plateau, Dakar, Sénégal"
1119,4,4,165,"Almadies, Dakar, Sénégal"
1122,2,2,100,"Mamelles, Dakar, Sénégal"
1126,4,4,160,"Ngor, Dakar, Sénégal"
1128,3,2,50,"Ouakam, Dakar, Sénégal"
1131,2,1,100,"Sicap Liberté, Dakar, Sénégal"
1134,5,4,140,"Almadies, Dakar, Sénégal"
1140,4,2,250,"Ouakam, Dakar, Sénégal"
1141,3,2,80,"Mbao, Dakar, Sénégal"
1142,4,3,130,"Sicap Liberté, Dakar, Sénégal"
1145,2,2,110,"Ngaparou, Sénégal"
1146,5,4,200,"Yoff, Dakar, Sénégal"
1158,3,1,1,"Guediawaye, Dakar, Sénégal"
1159,3,2,21,"Dakar Plateau, Dakar, Sénégal"
1160,3,2,150,"Pikine, Sénégal"
1164,4,3,150,"Sipres, Dakar, Sénégal"
1167,2,2,65,"Point E, Dakar, Sénégal"
1168,3,1,1,"Mamelles, Dakar, Sénégal"
1169,4,3,200,"Yoff, Dakar, Sénégal"
1170,4,4,12,"Dakar Plateau, Dakar, Sénégal"
1171,3,2,12,"Dakar Plateau, Dakar, Sénégal"
1173,3,2,175,"Mamelles, Dakar, Sénégal"
1174,4,4,150,"Rufisque, Sénégal"
1176,2,1,107,"Almadies, Dakar, Sénégal"
1178,4,4,200,"Mermoz-Sacré Coeur, Dakar, Sénégal"
1179,3,2,175,"Mamelles, Dakar, Sénégal"
1180,3,2,100,"Yoff, Dakar, Sénégal"
1181,3,2,120,"Mermoz-Sacré Coeur, Dakar, Sénégal"
1182,3,2,140,"Mermoz-Sacré Coeur, Dakar, Sénégal"
1185,2,2,75,"Almadies, Dakar, Sénégal"
1186,4,3,200,"Dakar Plateau, Dakar, Sénégal"
1189,4,5,210,"Almadies, Dakar, Sénégal"
1191,5,3,200,"Mermoz-Sacré Coeur, Dakar, Sénégal"
1193,2,1,12,"Mermoz-Sacré Coeur, Dakar, Sénégal"
1194,4,4,160,"Yoff, Dakar, Sénégal"
1197,5,4,12,"Almadies, Dakar, Sénégal"
1199,2,2,1,"Almadies, Dakar, Sénégal"
1200,2,1,40,"Mbour, Sénégal"
1201,4,5,190,"Yoff, Dakar, Sénégal"
1202,5,4,12,"Almadies, Dakar, Sénégal"
1204,3,2,110,"Dakar, Sénégal"
1206,4,4,12,"Dakar Plateau, Dakar, Sénégal"
1207,3,2,150,"Sicap Liberté, Dakar, Sénégal"
1209,9,4,240,"Almadies, Dakar, Sénégal"
1211,4,2,150,"Dakar, Sénégal"
1212,4,2,150,"Dakar, Sénégal"
1213,3,2,100,"Mermoz-Sacré Coeur, Dakar, Sénégal"
1214,3,4,175,"Almadies, Dakar, Sénégal"
1215,4,5,12,"Almadies, Dakar, Sénégal"
1216,1,1,12,"Mermoz-Sacré Coeur, Dakar, Sénégal"
1217,5,2,200,"Ouest Foire, Dakar, Sénégal"
1218,5,4,125,"Dakar, Sénégal"
1231,3,2,93,"Almadies, Dakar, Sénégal"
1234,3,2,100,"Mermoz-Sacré Coeur, Dakar, Sénégal"
1235,5,5,12,"Almadies, Dakar, Sénégal"
1236,4,3,137,"Sipres, Dakar, Sénégal"
1239,3,2,150,"Mariste, Dakar, Sénégal"
1240,4,3,150,"Mamelles, Dakar, Sénégal"
1242,5,5,290,"Almadies, Dakar, Sénégal"
1243,3,3,130,"Yoff, Dakar, Sénégal"
1244,4,5,180,"Mermoz-Sacré Coeur, Dakar, Sénégal"
1246,6,5,284,"Mermoz-Sacré Coeur, Dakar, Sénégal"
1247,4,4,200,"Yoff, Dakar, Sénégal"
1248,5,3,220,"Sicap Liberté, Dakar, Sénégal"
1249,4,4,450,"Ngor, Dakar, Sénégal"
1250,3,2,149,"Fass, Dakar, Sénégal"
1253,2,2,70,"Mariste, Dakar, Sénégal"
1254,4,3,130,"Mariste, Dakar, Sénégal"
1255,2,2,105,"Point E, Dakar, Sénégal"
1256,4,2,150,"Almadies 2, Dakar, Sénégal"
1261,3,2,150,"Ouest Foire, Dakar, Sénégal"
1262,3,1,30,"Thies, Sénégal"
1263,5,4,284,"Mermoz-Sacré Coeur, Dakar, Sénégal"
1264,4,3,180,"Ngor, Dakar, Sénégal"
1265,6,5,240,"Almadies, Dakar, Sénégal"
1267,3,2,150,"Ouest Foire, Dakar, Sénégal"
1268,5,4,200,"Yoff, Dakar, Sénégal"
1269,1,1,100,"Sicap foire, Dakar, Sénégal"
1275,4,4,225,"Mermoz-Sacré Coeur, Dakar, Sénégal"
1276,4,3,12,"Almadies, Dakar, Sénégal"
1277,2,3,110,"Sicap Liberté, Dakar, Sénégal"
1278,1,2,100,"Dakar, Sénégal"
1279,5,5,12,"Almadies, Dakar, Sénégal"
1281,4,3,180,"Mamelles, Dakar, Sénégal"
1283,4,3,170,"Mamelles, Dakar, Sénégal"
1284,4,2,1,"Guediawaye, Dakar, Sénégal"
1285,3,3,100,"Dakar, Sénégal"
1286,4,2,135,"Almadies, Dakar, Sénégal"
1287,4,2,150,"Guediawaye, Dakar, Sénégal"
1288,4,4,139,"Almadies, Dakar, Sénégal"
1289,4,4,139,"Almadies, Dakar, Sénégal"
1290,5,5,1,"Mermoz-Sacré Coeur, Dakar, Sénégal"
1291,3,2,70,"Damel, Dakar, Sénégal"
1292,5,5,200,"Yoff, Dakar, Sénégal"
1293,3,2,100,"Grand Yoff, Dakar, Sénégal"
1294,4,3,230,"Dakar Plateau, Dakar, Sénégal"
1306,5,4,201,"Dakar, Sénégal"
1307,2,2,55,"Ouest Foire, Dakar, Sénégal"
1308,3,3,106,"Sacré-Coeur, Dakar, Sénégal"
1319,4,4,210,"Almadies, Dakar, Sénégal"
1322,4,3,12,"Almadies, Dakar, Sénégal"
1323,5,5,12,"Almadies, Dakar, Sénégal"
1324,1,2,250,"Ouakam, Dakar, Sénégal"
1325,3,3,98,"Mamelles, Dakar, Sénégal"
1326,4,4,175,"Mamelles, Dakar, Sénégal"
1327,4,4,200,"Mamelles, Dakar, Sénégal"
1328,3,2,100,"Mermoz-Sacré Coeur, Dakar, Sénégal"
1330,4,4,200,"Ngor, Dakar, Sénégal"
1334,5,4,175,"Yoff, Dakar, Sénégal"
1335,4,4,204,"Almadies, Dakar, Sénégal"
1336,4,4,200,"Dakar Plateau, Dakar, Sénégal"
1337,4,3,150,"Rufisque, Sénégal"
1338,3,2,120,"Ouakam, Dakar, Sénégal"
1340,3,2,150,"Keur Massar, Sénégal"
1343,4,4,243,"Point E, Dakar, Sénégal"
1344,4,3,200,"Almadies, Dakar, Sénégal"
1351,3,3,150,"Mermoz-Sacré Coeur, Dakar, Sénégal"
1352,3,2,125,"Mamelles, Dakar, Sénégal"
1354,4,5,12,"Mamelles, Dakar, Sénégal"
1355,5,3,180,"Yoff, Dakar, Sénégal"
1356,4,3,145,"Ngor, Dakar, Sénégal"
1359,5,4,180,"Yoff, Dakar, Sénégal"
1360,4,4,196,"Almadies, Dakar, Sénégal"
1362,2,1,50,"Thies, Sénégal"
1363,3,2,200,"Ouakam, Dakar, Sénégal"
1364,4,3,12,"Dakar Plateau, Dakar, Sénégal"
1365,4,2,150,"Ouakam, Dakar, Sénégal"
1366,6,8,400,"Mamelles, Dakar, Sénégal"
1367,7,3,150,"Keur Massar, Sénégal"
1368,7,2,150,"Keur Massar, Sénégal"
1369,3,2,120,"Saly, Sénégal"
1370,4,3,150,"Mermoz-Sacré Coeur, Dakar, Sénégal"
1371,7,2,150,"Keur Massar, Sénégal"
1376,5,2,90,"Dakar, Sénégal"
1377,4,4,150,"Yoff, Dakar, Sénégal"
1379,11,5,250,"Keur Massar, Sénégal"
1380,7,2,250,"Keur Massar, Sénégal"
1381,3,4,200,"Sacré-Coeur, Dakar, Sénégal"
1382,4,4,12,"Dakar Plateau, Dakar, Sénégal"
1384,3,3,150,"Colobane, Dakar, Sénégal"
1385,3,2,100,"Mbour, Sénégal"
1386,4,2,140,"Almadies, Dakar, Sénégal"
1388,2,2,75,"Mermoz-Sacré Coeur, Dakar, Sénégal"
1389,4,3,150,"Dakar, Sénégal"
1390,6,2,250,"Keur Massar, Sénégal"
1391,6,2,250,"Keur Massar, Sénégal"
1393,5,4,150,"Yoff, Dakar, Sénégal"
1394,4,4,250,"Almadies, Dakar, Sénégal"
1395,4,2,280,"Yoff, Dakar, Sénégal"
1396,5,5,400,"Fann, Dakar, Sénégal"
1400,3,2,120,"Mermoz-Sacré Coeur, Dakar, Sénégal"
1401,4,4,145,"Sacré-Coeur, Dakar, Sénégal"
1402,3,3,115,"Yoff, Dakar, Sénégal"
1403,3,2,153,"Sacré-Coeur, Dakar, Sénégal"
1404,3,3,150,"Fann, Dakar, Sénégal"
1405,4,4,120,"Mamelles, Dakar, Sénégal"
1409,4,3,182,"Almadies, Dakar, Sénégal"
1410,4,4,180,"Yoff, Dakar, Sénégal"
1413,2,1,89,"Dakar, Sénégal"
1414,5,4,214,"Fass, Dakar, Sénégal"
1415,5,5,12,"Almadies, Dakar, Sénégal"
1416,5,5,200,"Yoff, Dakar, Sénégal"
1417,3,4,200,"Point E, Dakar, Sénégal"
1420,4,5,210,"Almadies, Dakar, Sénégal"
1421,4,4,298,"Almadies, Dakar, Sénégal"
1422,3,2,120,"Mermoz-Sacré Coeur, Dakar, Sénégal"
1423,4,4,269,"Almadies, Dakar, Sénégal"
1428,5,5,237,"Point E, Dakar, Sénégal"
1430,3,2,150,"Keur Massar, Sénégal"
1431,2,2,150,"Keur Massar, Sénégal"
1433,4,3,120,"Dakar, Sénégal"
1434,5,4,180,"Yoff, Dakar, Sénégal"
1435,4,3,165,"Dakar, Sénégal"
1436,7,2,150,"Keur Massar, Sénégal"
1441,3,2,145,"Dakar, Sénégal"
1444,4,4,70,"Sipres, Dakar, Sénégal"
1445,2,2,55,"Mermoz-Sacré Coeur, Dakar, Sénégal"
1446,5,3,200,"Diamalaye 1, Dakar, Sénégal"
1448,3,4,180,"Yoff, Dakar, Sénégal"
1449,4,4,250,"Fann, Dakar, Sénégal"
1450,4,4,160,"Point E, Dakar, Sénégal"
1452,4,4,250,"Mamelles, Dakar, Sénégal"
1453,3,2,1,"Mermoz-Sacré Coeur, Dakar, Sénégal"
1454,4,3,150,"Ouakam, Dakar, Sénégal"
1455,4,4,12,"Almadies, Dakar, Sénégal"
1457,3,2,100,"Mamelles, Dakar, Sénégal"
1459,4,2,130,"Almadies, Dakar, Sénégal"
1460,3,2,100,"Mermoz-Sacré Coeur, Dakar, Sénégal"
1461,4,5,310,"Almadies, Dakar, Sénégal"
1462,5,6,250,"Almadies, Dakar, Sénégal"
1463,3,2,1,"Mamelles, Dakar, Sénégal"
1466,4,3,200,"Mermoz-Sacré Coeur, Dakar, Sénégal"
1467,9,4,180,"Almadies, Dakar, Sénégal"
1468,9,4,230,"Almadies, Dakar, Sénégal"
1469,2,2,120,"Ouest Foire, Dakar, Sénégal"
1470,3,3,150,"Hann Bel-Air, Dakar, Sénégal"
1472,4,4,250,"Ngor, Dakar, Sénégal"
1473,3,2,80,"Sacré-Coeur, Dakar, Sénégal"
1474,3,3,80,"Sacré-Coeur, Dakar, Sénégal"
1475,4,3,200,"Rufisque, Sénégal"
1476,2,1,70,"Grand Yoff, Dakar, Sénégal"
1478,3,3,100,"Dakar, Sénégal"
1479,4,3,200,"Sipres, Dakar, Sénégal"
1482,4,3,140,"Mamelles, Dakar, Sénégal"
1486,3,2,150,"Mamelles, Dakar, Sénégal"
1488,2,2,1,"Almadies, Dakar, Sénégal"
1489,4,4,90,"Mamelles, Dakar, Sénégal"
1490,4,2,1,"Dieuppeul-Derklé, Dakar, Sénégal"
1500,4,4,150,"Yoff, Dakar, Sénégal"
1501,4,2,135,"Almadies, Dakar, Sénégal"
1502,5,4,192,"Mamelles, Dakar, Sénégal"
1503,4,4,200,"Almadies, Dakar, Sénégal"
1504,4,4,150,"Sicap Liberté, Dakar, Sénégal"
1506,4,2,150,"Mbao, Dakar, Sénégal"
1507,2,1,75,"Pikine, Sénégal"
1508,4,3,140,"Mamelles, Dakar, Sénégal"
1510,4,4,180,"Mamelles, Dakar, Sénégal"
1511,4,3,180,"Almadies, Dakar, Sénégal"
1512,4,4,152,"Almadies, Dakar, Sénégal"
1514,4,3,120,"Mermoz-Sacré Coeur, Dakar, Sénégal"
1515,3,2,150,"Mermoz-Sacré Coeur, Dakar, Sénégal"
1516,4,2,150,"Dakar, Sénégal"
1519,4,2,140,"Mermoz-Sacré Coeur, Dakar, Sénégal"
1520,4,4,180,"Mamelles, Dakar, Sénégal"
1521,4,2,500,"Ouakam, Dakar, Sénégal"
1522,4,4,250,"Fann, Dakar, Sénégal"
1523,4,4,200,"Sipres, Dakar, Sénégal"
1524,3,2,100,"Damel, Dakar, Sénégal"
1525,4,4,170,"Fass, Dakar, Sénégal"
1527,4,1,150,"Ouakam, Dakar, Sénégal"
1528,4,1,150,"Ouakam, Dakar, Sénégal"
1531,6,2,150,"Yoff, Dakar, Sénégal"
1532,3,1,170,"Mariste, Dakar, Sénégal"
1536,4,4,500,"Almadies, Dakar, Sénégal"
1537,4,4,156,"Yoff, Dakar, Sénégal"
1538,8,7,250,"Hann Bel-Air, Dakar, Sénégal"
1542,3,3,150,"Sicap Liberté, Dakar, Sénégal"
1544,2,2,75,"Ouakam, Dakar, Sénégal"
1545,5,5,240,"Yoff, Dakar, Sénégal"
1547,5,5,300,"Dakar Plateau, Dakar, Sénégal"
1550,3,2,100,"Mamelles, Dakar, Sénégal"
1558,3,1,100,"Mariste, Dakar, Sénégal"
1570,4,4,190,"Ngor, Dakar, Sénégal"
1572,4,4,116,"Dakar, Sénégal"
1575,3,1,90,"Patte d'oie, Dakar, Sénégal"
1578,5,5,12,"Almadies, Dakar, Sénégal"
1579,4,1,150,"Ngor, Dakar, Sénégal"
1583,4,4,350,"Almadies, Dakar, Sénégal"
1584,4,4,190,"Mamelles, Dakar, Sénégal"
1585,4,4,180,"Mamelles, Dakar, Sénégal"
1588,4,3,180,"Yoff, Dakar, Sénégal"
1591,4,2,150,"Keur Massar, Sénégal"
1592,3,4,152,"Sicap Liberté, Dakar, Sénégal"
1594,4,4,250,"Almadies, Dakar, Sénégal"
1597,3,2,75,"Grand Yoff, Dakar, Sénégal"
1598,4,1,90,"Ouakam, Dakar, Sénégal"
1599,4,3,1,"Ngor, Dakar, Sénégal"
1600,4,4,250,"Almadies, Dakar, Sénégal"
1601,4,4,150,"Mermoz-Sacré Coeur, Dakar, Sénégal"
1604,4,3,100,"Sicap Liberté, Dakar, Sénégal"
1606,5,5,2500000,"Almadies, Dakar, Sénégal"
1607,4,4,250,"Ouest Foire, Dakar, Sénégal"
1608,4,3,200,"Yoff, Dakar, Sénégal"
1614,5,5,220,"Almadies, Dakar, Sénégal"
1621,2,1,90,"Ouest Foire, Dakar, Sénégal"
1622,4,4,180,"Yoff, Dakar, Sénégal"
1623,4,4,180,"Yoff, Dakar, Sénégal"
1624,4,4,156,"Mermoz-Sacré Coeur, Dakar, Sénégal"
1625,3,2,200,"Almadies, Dakar, Sénégal"
1626,5,3,300,"Almadies, Dakar, Sénégal"
1628,2,2,1,"Almadies, Dakar, Sénégal"
1629,4,3,1,"Ngor, Dakar, Sénégal"
1630,4,4,180,"Mermoz-Sacré Coeur, Dakar, Sénégal"
1632,4,2,310,"Mermoz-Sacré Coeur, Dakar, Sénégal"
1633,4,4,140,"Point E, Dakar, Sénégal"
1634,3,2,98,"Mamelles, Dakar, Sénégal"
1642,4,3,1,"Mermoz-Sacré Coeur, Dakar, Sénégal"
1643,3,1,100,"Patte d'oie, Dakar, Sénégal"
1644,5,5,300,"Almadies, Dakar, Sénégal"
1646,2,2,90,"Ouest Foire, Dakar, Sénégal"
1647,2,2,167,"Mbao, Dakar, Sénégal"
1649,4,3,165,"Mbao, Dakar, Sénégal"
1650,2,2,100,"Sicap foire, Dakar, Sénégal"
1651,4,4,170,"Point E, Dakar, Sénégal"
1652,3,3,150,"Mermoz-Sacré Coeur, Dakar, Sénégal"
1653,8,4,180,"Almadies, Dakar, Sénégal"
1654,3,2,110,"Mamelles, Dakar, Sénégal"
1655,4,4,172,"Mermoz-Sacré Coeur, Dakar, Sénégal"
1656,2,1,145,"Almadies, Dakar, Sénégal"
1657,3,2,100,"Dakar, Sénégal"
1659,2,1,775106767,"Mamelles, Dakar, Sénégal"
1660,2,2,92,"Point E, Dakar, Sénégal"
1662,4,3,180,"Yoff, Dakar, Sénégal"
1663,5,5,314,"Point E, Dakar, Sénégal"
1664,5,4,1,"Almadies, Dakar, Sénégal"
1666,2,1,12,"Dakar Plateau, Dakar, Sénégal"
1668,5,5,12,"Dakar Plateau, Dakar, Sénégal"
1670,3,1,90,"Ouakam, Dakar, Sénégal"
1672,2,2,25,"Sacré-Coeur, Dakar, Sénégal"
1675,4,3,120,"Diamniadio, Sénégal"
1676,4,3,150,"Ngor, Dakar, Sénégal"
1678,4,3,284,"Ngor, Dakar, Sénégal"
1681,4,3,150,"Ngor, Dakar, Sénégal"
1685,5,4,176,"Damel, Dakar, Sénégal"
1686,4,4,150,"Point E, Dakar, Sénégal"
1689,2,1,21,"Dakar Plateau, Dakar, Sénégal"
1696,5,5,12,"Dakar Plateau, Dakar, Sénégal"
1697,2,2,72,"Sicap Liberté, Dakar, Sénégal"
1698,3,2,75,"Almadies 2, Dakar, Sénégal"
1701,5,5,12,"Dakar Plateau, Dakar, Sénégal"
1702,4,4,12,"Dakar Plateau, Dakar, Sénégal"
1703,4,4,170,"Mermoz-Sacré Coeur, Dakar, Sénégal"
1704,5,5,225,"Yoff, Dakar, Sénégal"
1705,4,4,200,"Dakar, Sénégal"
1706,4,4,150,"Yoff, Dakar, Sénégal"
1707,3,2,1,"Sipres, Dakar, Sénégal"
1709,3,2,150,"Rufisque, Sénégal"
1711,3,1,80,"Ouakam, Dakar, Sénégal"
1712,4,4,150,"Dakar, Sénégal"
1713,6,5,250,"Point E, Dakar, Sénégal"
1719,3,3,1,"Yoff, Dakar, Sénégal"
1720,4,4,12,"Dakar Plateau, Dakar, Sénégal"
1721,5,5,12,"Dakar Plateau, Dakar, Sénégal"
1723,2,1,55,"Medina, Dakar, Sénégal"
1726,4,3,200,"Almadies, Dakar, Sénégal"
1727,3,2,100,"Sicap Liberté, Dakar, Sénégal"
1729,3,3,80,"Mermoz-Sacré Coeur, Dakar, Sénégal"
1731,4,3,12,"Sicap Liberté, Dakar, Sénégal"
1732,2,1,12,"Dakar Plateau, Dakar, Sénégal"
1733,5,5,12,"Dakar Plateau, Dakar, Sénégal"
1734,2,1,130,"Ngor, Dakar, Sénégal"
1735,4,4,200,"Point E, Dakar, Sénégal"
1736,4,3,12,"Sicap Liberté, Dakar, Sénégal"
1737,3,2,150,"Dakar, Sénégal"
1738,3,2,1,"Sipres, Dakar, Sénégal"
1739,4,2,150,"Mbao, Dakar, Sénégal"
1740,4,3,200,"Almadies, Dakar, Sénégal"
1742,4,3,180,"Sacré-Coeur, Dakar, Sénégal"
1744,5,2,80,"Ouest Foire, Dakar, Sénégal"
1746,3,1,100,"Sicap Liberté, Dakar, Sénégal"
1748,3,3,12,"Mermoz-Sacré Coeur, Dakar, Sénégal"
1749,5,5,12,"Point E, Dakar, Sénégal"
1750,4,3,12,"Sicap Liberté, Dakar, Sénégal"
1751,4,3,200,"Dakar Plateau, Dakar, Sénégal"
1753,5,5,200,"Yoff, Dakar, Sénégal"
1754,3,3,156,"Fann, Dakar, Sénégal"
1755,4,3,150,"Dakar, Sénégal"
1757,4,3,123,"Yoff, Dakar, Sénégal"
1758,4,3,150,"Mermoz-Sacré Coeur, Dakar, Sénégal"
1759,4,3,12,"Sicap Liberté, Dakar, Sénégal"
1760,4,3,12,"Sicap Liberté, Dakar, Sénégal"
1761,23,12,150,"Parcelle Assainies, Dakar, Sénégal"
1762,3,2,88,"Dakar, Sénégal"
1763,3,2,100,"Sacré-Coeur, Dakar, Sénégal"
1765,4,3,180,"Almadies, Dakar, Sénégal"
1766,2,1,12,"Dakar Plateau, Dakar, Sénégal"
1767,3,2,100,"Mermoz-Sacré Coeur, Dakar, Sénégal"
1768,4,2,150,"Mermoz-Sacré Coeur, Dakar, Sénégal"
1770,2,1,150,"Ouest Foire, Dakar, Sénégal"
1771,4,2,150,"Sicap Liberté, Dakar, Sénégal"
1772,4,4,12,"Dakar Plateau, Dakar, Sénégal"
1773,3,3,167,"Yoff, Dakar, Sénégal"
1774,3,3,12,"Mermoz-Sacré Coeur, Dakar, Sénégal"
1776,4,3,150,"Ouakam, Dakar, Sénégal"
1779,4,3,224,"Fann, Dakar, Sénégal"
1782,4,3,12,"Sicap Liberté, Dakar, Sénégal"
1783,3,2,75,"Mamelles, Dakar, Sénégal"
1784,2,1,40,"Almadies, Dakar, Sénégal"
1785,3,3,100,"Almadies, Dakar, Sénégal"
1786,3,2,150,"Almadies, Dakar, Sénégal"
1787,4,4,200,"Sicap Liberté, Dakar, Sénégal"
1793,4,3,150,"Rufisque, Sénégal"
1794,4,3,150,"Rufisque, Sénégal"
1795,4,3,110,"Mermoz-Sacré Coeur, Dakar, Sénégal"
1796,2,2,65,"Mermoz-Sacré Coeur, Dakar, Sénégal"
1797,2,2,12,"Mermoz-Sacré Coeur, Dakar, Sénégal"
1798,4,2,1,"Ouakam, Dakar, Sénégal"
1800,3,2,150,"Sicap foire, Dakar, Sénégal"
1802,4,3,254,"Mamelles, Dakar, Sénégal"
1803,3,1,70,"Ouakam, Dakar, Sénégal"
1804,2,1,25,"Ziguinchor, Sénégal"
1808,4,3,135,"Almadies, Dakar, Sénégal"
1812,5,4,400,"Mermoz-Sacré Coeur, Dakar, Sénégal"
1813,4,3,300,"Mamelles, Dakar, Sénégal"
1814,3,2,80,"Dakar Plateau, Dakar, Sénégal"
1815,4,4,180,"Almadies, Dakar, Sénégal"
1816,3,3,150,"Yoff, Dakar, Sénégal"
1817,2,3,150,"Almadies, Dakar, Sénégal"
1819,4,3,250,"Fann, Dakar, Sénégal"
1824,5,4,700,"Mermoz-Sacré Coeur, Dakar, Sénégal"
1826,5,5,346,"Dakar Plateau, Dakar, Sénégal"
1827,4,4,226,"Dakar Plateau, Dakar, Sénégal"
1828,4,2,130,"Dieuppeul-Derklé, Dakar, Sénégal"
1829,4,4,225,"Mermoz-Sacré Coeur, Dakar, Sénégal"
1830,4,4,150,"Almadies, Dakar, Sénégal"
1831,5,2,100,"Ziguinchor, Sénégal"
1833,9,4,240,"Almadies, Dakar, Sénégal"
1836,4,3,150,"Fann, Dakar, Sénégal"
1837,4,4,140,"Fann, Dakar, Sénégal"
1840,4,4,285,"Sacré-Coeur, Dakar, Sénégal"
1841,3,1,125,"Ngor, Dakar, Sénégal"
1845,5,4,150,"Almadies, Dakar, Sénégal"
1846,5,5,250,"Point E, Dakar, Sénégal"
1847,2,2,19,"Ngor, Dakar, Sénégal"
1849,4,3,140,"Mamelles, Dakar, Sénégal"
1853,3,2,125,"Rufisque, Sénégal"
1856,4,5,1,"Point E, Dakar, Sénégal"
1858,3,1,180,"Mermoz-Sacré Coeur, Dakar, Sénégal"
1859,2,1,100,"Ouakam, Dakar, Sénégal"
1860,7,2,150,"Mamelles, Dakar, Sénégal"
1863,4,2,110,"Ouakam, Dakar, Sénégal"
1864,4,4,150,"Ouest Foire, Dakar, Sénégal"
1866,8,6,300,"Hann Bel-Air, Dakar, Sénégal"
1867,4,2,150,"Ouest Foire, Dakar, Sénégal"
1868,3,3,150,"Mermoz-Sacré Coeur, Dakar, Sénégal"
1871,4,2,115,"Dakar Plateau, Dakar, Sénégal"
1874,4,2,130,"Thies, Sénégal"
1876,4,3,180,"Almadies, Dakar, Sénégal"
1878,2,3,130,"Point E, Dakar, Sénégal"
1883,2,2,90,"Point E, Dakar, Sénégal"
1884,18,9,191,"Yoff, Dakar, Sénégal"
1885,3,1,1,"Ouakam, Dakar, Sénégal"
1886,4,5,341,"Almadies, Dakar, Sénégal"
1888,3,2,100,"Mamelles, Dakar, Sénégal"
1889,4,1,197,"Mermoz-Sacré Coeur, Dakar, Sénégal"
1890,2,1,70,"Point E, Dakar, Sénégal"
1892,3,2,132,"Mamelles, Dakar, Sénégal"
1893,2,2,120,"Dakar, Sénégal"
1896,3,2,140,"Sicap Liberté, Dakar, Sénégal"
1897,4,2,112,"Diamniadio, Sénégal"
1898,3,2,150,"Ngor, Dakar, Sénégal"
1899,4,4,165,"Point E, Dakar, Sénégal"
1900,4,4,170,"Almadies, Dakar, Sénégal"
1901,4,4,190,"Almadies, Dakar, Sénégal"
1902,4,3,178,"Fann, Dakar, Sénégal"
1903,4,4,200,"Point E, Dakar, Sénégal"
1904,4,4,250,"Ngor, Dakar, Sénégal"
1906,3,2,150,"Mermoz-Sacré Coeur, Dakar, Sénégal"
1907,3,3,100,"Sicap foire, Dakar, Sénégal"
1908,5,4,214,"Fass, Dakar, Sénégal"
1909,2,2,130,"Dakar, Sénégal"
1910,2,2,150,"Ouest Foire, Dakar, Sénégal"
1912,3,2,150,"Keur Massar, Sénégal"
1918,4,3,150,"Ouakam, Dakar, Sénégal"
1919,3,3,150,"Mermoz-Sacré Coeur, Dakar, Sénégal"
1921,4,4,150,"Mariste, Dakar, Sénégal"
1922,5,4,240,"Almadies, Dakar, Sénégal"
1925,4,2,200,"Mermoz-Sacré Coeur, Dakar, Sénégal"
1926,2,1,51,"Almadies, Dakar, Sénégal"
1928,4,4,150,"Dakar, Sénégal"
1929,2,2,135,"Sacré-Coeur, Dakar, Sénégal"
1930,3,2,150,"Dakar Plateau, Dakar, Sénégal"
1933,4,4,200,"Point E, Dakar, Sénégal"
1934,5,4,160,"Ouakam, Dakar, Sénégal"
1935,4,4,350,"Dakar, Sénégal"
1940,2,2,12,"Dakar Plateau, Dakar, Sénégal"
1941,5,5,12,"Fann, Dakar, Sénégal"
1944,1,1,40,"Grand Dakar, Dakar, Sénégal"
1947,5,5,240,"Yoff, Dakar, Sénégal"
1948,1,1,55,"Mermoz-Sacré Coeur, Dakar, Sénégal"
1950,3,3,150,"Mermoz-Sacré Coeur, Dakar, Sénégal"
1953,4,4,145,"Almadies, Dakar, Sénégal"
1957,4,4,171,"Yoff, Dakar, Sénégal"
1958,5,4,195,"Yoff, Dakar, Sénégal"
1959,3,1,100,"Mbao, Dakar, Sénégal"
1961,4,3,191,"Ngor, Dakar, Sénégal"
1967,4,2,100,"Dakar, Sénégal"
1968,2,2,135,"Sipres, Dakar, Sénégal"
1971,2,2,12,"Mermoz-Sacré Coeur, Dakar, Sénégal"
1972,4,2,21,"Mermoz-Sacré Coeur, Dakar, Sénégal"
1974,5,2,170,"Dakar Plateau, Dakar, Sénégal"
1975,2,3,150,"Sicap Liberté, Dakar, Sénégal"
1979,4,4,169,"Point E, Dakar, Sénégal"
1981,2,2,100,"Ouakam, Dakar, Sénégal"
1982,3,3,250,"Ouakam, Dakar, Sénégal"
1983,4,2,132,"Almadies, Dakar, Sénégal"
1986,3,3,130,"Yoff, Dakar, Sénégal"
1987,4,3,170,"Mamelles, Dakar, Sénégal"
1988,4,5,190,"Almadies, Dakar, Sénégal"
1989,4,4,331,"Point E, Dakar, Sénégal"
1990,3,3,110,"Sicap Liberté, Dakar, Sénégal"
1992,1,1,55,"Sipres, Dakar, Sénégal"
1994,4,4,250,"Mamelles, Dakar, Sénégal"
1996,4,2,135,"Ngor, Dakar, Sénégal"
1998,4,4,200,"Almadies, Dakar, Sénégal"
1999,4,3,250,"Fann, Dakar, Sénégal"
2000,6,6,700,"Almadies, Dakar, Sénégal"
2001,2,1,12,"Sacré-Coeur, Dakar, Sénégal"
2002,3,1,150,"Rufisque, Sénégal"
2006,3,1,100,"Dakar, Sénégal"
2008,4,3,130,"Sipres, Dakar, Sénégal"
2010,4,4,200,"Dakar Plateau, Dakar, Sénégal"
2012,3,2,1,"Dakar, Sénégal"
2014,4,4,150,"Almadies, Dakar, Sénégal"
2015,3,3,12,"Sicap Liberté, Dakar, Sénégal"
2020,4,3,150,"Almadies, Dakar, Sénégal"
2021,2,1,40,"Parcelle Assainies, Dakar, Sénégal"
2022,3,2,110,"Mariste, Dakar, Sénégal"
2023,3,2,100,"Ngor, Dakar, Sénégal"
2027,5,4,250,"Yoff, Dakar, Sénégal"
2028,3,3,110,"Almadies, Dakar, Sénégal"
2029,4,3,140,"Almadies, Dakar, Sénégal"
2030,4,3,110,"Sicap foire, Dakar, Sénégal"
2031,4,2,140,"Dakar Plateau, Dakar, Sénégal"
2032,5,5,230,"Sipres, Dakar, Sénégal"
2033,4,3,150,"Fann, Dakar, Sénégal"
2034,3,3,75,"Sipres, Dakar, Sénégal"
2037,2,2,55,"Almadies, Dakar, Sénégal"
2039,4,3,200,"Ngor, Dakar, Sénégal"
2040,4,3,150,"Dakar Plateau, Dakar, Sénégal"
2041,126,3,3,"Ngor, Dakar, Sénégal"
2042,3,5,155,"Sacré-Coeur, Dakar, Sénégal"
2043,3,2,100,"Sicap foire, Dakar, Sénégal"
2045,2,1,70,"Sicap Liberté, Dakar, Sénégal"
2049,9,4,280,"Almadies, Dakar, Sénégal"
2050,2,2,75,"Almadies, Dakar, Sénégal"
2051,2,2,55,"Almadies, Dakar, Sénégal"
2052,4,4,143,"Point E, Dakar, Sénégal"
2053,3,2,130,"Yoff, Dakar, Sénégal"
2057,2,2,10,"Almadies, Dakar, Sénégal"
2058,4,3,150,"Ngor, Dakar, Sénégal"
2059,4,4,155,"Almadies, Dakar, Sénégal"
2060,5,6,320,"Dakar Plateau, Dakar, Sénégal"
2063,4,2,150,"Mamelles, Dakar, Sénégal"
2064,3,3,120,"Almadies, Dakar, Sénégal"
2065,4,3,120,"Almadies, Dakar, Sénégal"
2069,2,2,55,"Almadies, Dakar, Sénégal"
2071,6,5,260,"Almadies, Dakar, Sénégal"
2072,4,4,175,"Almadies, Dakar, Sénégal"
2073,4,3,150,"Yoff, Dakar, Sénégal"
2074,4,3,150,"Yoff, Dakar, Sénégal"
2076,3,3,98,"Yoff, Dakar, Sénégal"
2077,3,2,150,"Ngor, Dakar, Sénégal"
2078,3,2,154,"Ouakam, Dakar, Sénégal"
2080,4,3,110,"Sicap Liberté, Dakar, Sénégal"
2081,5,3,290,"Sicap foire, Dakar, Sénégal"
2083,2,2,190,"Almadies, Dakar, Sénégal"
2084,4,3,280,"Almadies, Dakar, Sénégal"
2089,2,2,300,"Rufisque, Sénégal"
2090,3,4,160,"Point E, Dakar, Sénégal"
2091,3,1,45,"Dakar Plateau, Dakar, Sénégal"
2093,1,1,5,"Almadies, Dakar, Sénégal"
2094,5,5,240,"Almadies, Dakar, Sénégal"
2097,4,2,140,"Mamelles, Dakar, Sénégal"
2102,5,5,200,"Mermoz-Sacré Coeur, Dakar, Sénégal"
2105,2,2,12,"Mermoz-Sacré Coeur, Dakar, Sénégal"
2107,4,4,400,"Almadies, Dakar, Sénégal"
2110,3,3,200,"Fann, Dakar, Sénégal"
2111,4,5,216,"Mermoz-Sacré Coeur, Dakar, Sénégal"
2113,4,4,225,"Point E, Dakar, Sénégal"
2118,4,4,280,"Almadies, Dakar, Sénégal"
2119,4,3,150,"Almadies, Dakar, Sénégal"
2125,4,5,220,"Mamelles, Dakar, Sénégal"
2126,3,1,80,"Pikine, Sénégal"
2127,4,3,200,"Mamelles, Dakar, Sénégal"
2128,5,4,160,"Mariste, Dakar, Sénégal"
2129,2,2,75,"Point E, Dakar, Sénégal"
2130,2,2,75,"Point E, Dakar, Sénégal"
2135,4,3,280,"Yoff, Dakar, Sénégal"
2137,3,2,140,"Mariste, Dakar, Sénégal"
2138,5,6,320,"Dakar Plateau, Dakar, Sénégal"
2139,3,2,100,"Dakar Plateau, Dakar, Sénégal"
2141,4,4,187,"Yoff, Dakar, Sénégal"
2144,5,5,200,"Almadies, Dakar, Sénégal"
2146,4,3,150,"Rufisque, Sénégal"
2150,4,4,155,"Point E, Dakar, Sénégal"
2151,3,2,150,"Mamelles, Dakar, Sénégal"
2153,6,3,300,"Almadies, Dakar, Sénégal"
2156,3,3,230,"Almadies, Dakar, Sénégal"
2157,4,4,150,"Fann, Dakar, Sénégal"
2158,4,3,130,"Sipres, Dakar, Sénégal"
2159,3,2,150,"Dakar, Sénégal"
2168,4,2,200,"Mariste, Dakar, Sénégal"
2169,4,2,200,"Mariste, Dakar, Sénégal"
2171,2,2,45,"Point E, Dakar, Sénégal"
2172,4,4,191,"Point E, Dakar, Sénégal"
2175,4,4,145,"Point E, Dakar, Sénégal"
2178,4,3,139,"Mermoz-Sacré Coeur, Dakar, Sénégal"
2180,4,4,190,"Almadies, Dakar, Sénégal"
2181,5,5,272,"Almadies, Dakar, Sénégal"
2182,2,2,80,"Sicap Liberté, Dakar, Sénégal"
2184,4,3,280,"Yoff, Dakar, Sénégal"
2187,4,2,130,"Mermoz-Sacré Coeur, Dakar, Sénégal"
2190,4,4,241,"Almadies, Dakar, Sénégal"
2191,4,4,200,"Ouakam, Dakar, Sénégal"
2193,4,4,250,"Almadies, Dakar, Sénégal"
2196,4,4,12,"Mermoz-Sacré Coeur, Dakar, Sénégal"
2197,4,2,175,"Ouakam, Dakar, Sénégal"
2198,4,5,212,"Point E, Dakar, Sénégal"
2199,4,2,150,"Ouest Foire, Dakar, Sénégal"
2200,4,4,250,"Yoff, Dakar, Sénégal"
2202,4,3,1450,"Mermoz-Sacré Coeur, Dakar, Sénégal"
2204,4,5,220,"Yoff, Dakar, Sénégal"
2205,3,2,90,"Almadies, Dakar, Sénégal"
2206,4,3,150,"Almadies, Dakar, Sénégal"
2208,4,4,268,"Almadies, Dakar, Sénégal"
2209,4,4,250,"Rufisque, Sénégal"
2210,3,2,81,"Diamniadio, Sénégal"
2211,3,2,81,"Diamniadio, Sénégal"
2212,4,3,150,"Mermoz-Sacré Coeur, Dakar, Sénégal"
2213,6,2,170,"Ouakam, Dakar, Sénégal"
2214,4,1,200,"Mariste, Dakar, Sénégal"
2216,4,3,155,"Dakar, Sénégal"
2217,4,5,212,"Point E, Dakar, Sénégal"
2218,4,4,170,"Yoff, Dakar, Sénégal"
2219,4,3,300,"Sacré-Coeur, Dakar, Sénégal"
2220,2,2,78,"Mariste, Dakar, Sénégal"
2221,2,3,200,"Ngor, Dakar, Sénégal"
2223,5,5,260,"Yoff, Dakar, Sénégal"
2224,5,5,260,"Yoff, Dakar, Sénégal"
2226,5,4,284,"Sacré-Coeur, Dakar, Sénégal"
2227,4,2,150,"Mamelles, Dakar, Sénégal"
2229,4,2,75,"Yoff, Dakar, Sénégal"
2230,3,3,130,"Mamelles, Dakar, Sénégal"
2232,3,1,150,"Keur Massar, Sénégal"
2233,3,2,70,"Mamelles, Dakar, Sénégal"
2234,3,2,100,"Sicap foire, Dakar, Sénégal"
2235,4,3,170,"Almadies, Dakar, Sénégal"
2236,4,4,170,"Point E, Dakar, Sénégal"
2237,3,2,140,"Dakar Plateau, Dakar, Sénégal"
2238,4,5,212,"Point E, Dakar, Sénégal"
2239,4,4,155,"Dakar, Sénégal"
2240,4,4,341,"Almadies, Dakar, Sénégal"
2242,5,5,250,"Fann, Dakar, Sénégal"
2243,5,5,300,"Dakar Plateau, Dakar, Sénégal"
2247,2,2,120,"Parcelle Assainies, Dakar, Sénégal"
2248,4,3,200,"Almadies, Dakar, Sénégal"
2249,4,3,300,"Almadies, Dakar, Sénégal"
2250,4,3,200,"Ngor, Dakar, Sénégal"
2251,2,3,140,"Ngor, Dakar, Sénégal"
2253,4,5,12,"Almadies, Dakar, Sénégal"
2254,4,4,200,"Mermoz-Sacré Coeur, Dakar, Sénégal"
2256,4,3,22,"Mermoz-Sacré Coeur, Dakar, Sénégal"
2257,3,1,1,"HLM, Dakar, Sénégal"
2258,2,2,55,"Almadies, Dakar, Sénégal"
2260,4,3,150,"Mermoz-Sacré Coeur, Dakar, Sénégal"
2261,3,3,150,"Mamelles, Dakar, Sénégal"
2262,3,4,210,"Mermoz-Sacré Coeur, Dakar, Sénégal"
2263,3,2,150,"Almadies, Dakar, Sénégal"
2264,4,3,200,"Almadies, Dakar, Sénégal"
2265,3,2,81,"Diamniadio, Sénégal"
2266,4,4,190,"Mermoz-Sacré Coeur, Dakar, Sénégal"
2267,6,5,250,"Mamelles, Dakar, Sénégal"
2268,4,3,150,"Dakar, Sénégal"
2269,6,6,329,"Mamelles, Dakar, Sénégal"
2270,5,4,284,"Mermoz-Sacré Coeur, Dakar, Sénégal"
2271,4,3,12,"Mamelles, Dakar, Sénégal"
2272,4,2,150,"Mbao, Dakar, Sénégal"
2274,4,4,180,"Dakar, Sénégal"
2279,4,2,1,"Mermoz-Sacré Coeur, Dakar, Sénégal"
2280,3,2,120,"Ngor, Dakar, Sénégal"
2281,5,5,220,"Yoff, Dakar, Sénégal"
2282,2,3,120,"Sicap Liberté, Dakar, Sénégal"
2285,3,2,120,"Ngor, Dakar, Sénégal"
2286,4,2,150,"Ouest Foire, Dakar, Sénégal"
2289,4,3,1,"Sicap Liberté, Dakar, Sénégal"
2290,7,3,165,"Ngor, Dakar, Sénégal"
2291,4,4,250,"Yoff, Dakar, Sénégal"
2292,4,3,200,"Almadies, Dakar, Sénégal"
2296,4,3,200,"Keur Massar, Sénégal"
2297,4,3,150,"Mamelles, Dakar, Sénégal"
2298,4,3,140,"Mamelles, Dakar, Sénégal"
2299,5,5,300,"Almadies, Dakar, Sénégal"
2300,4,4,200,"Mamelles, Dakar, Sénégal"
2301,4,4,200,"Mamelles, Dakar, Sénégal"
2302,3,3,130,"Yoff, Dakar, Sénégal"
2303,4,6,600,"Point E, Dakar, Sénégal"
2305,4,5,150,"Dakar Plateau, Dakar, Sénégal"
2306,3,2,1,"HLM, Dakar, Sénégal"
2308,4,5,150,"Yoff, Dakar, Sénégal"
2310,5,5,220,"Yoff, Dakar, Sénégal"
2311,5,4,250,"Almadies, Dakar, Sénégal"
2312,4,3,150,"Parcelle Assainies, Dakar, Sénégal"
2313,4,3,180,"Parcelle Assainies, Dakar, Sénégal"
2314,5,5,260,"Yoff, Dakar, Sénégal"
2317,3,4,1,"Yoff, Dakar, Sénégal"
2318,5,5,450,"Fann, Dakar, Sénégal"
2320,2,2,120,"Fass, Dakar, Sénégal"
2323,5,4,250,"Yoff, Dakar, Sénégal"
2324,5,4,250,"Yoff, Dakar, Sénégal"
2325,4,3,170,"Guediawaye, Dakar, Sénégal"
2326,6,5,300,"Fann, Dakar, Sénégal"
2327,2,2,80,"Fann, Dakar, Sénégal"
2328,5,1,150,"Ngor, Dakar, Sénégal"
2329,3,3,80,"Sicap Liberté, Dakar, Sénégal"
2330,4,2,150,"Ouest Foire, Dakar, Sénégal"
2331,4,3,150,"Yoff, Dakar, Sénégal"
2334,4,3,12,"Mamelles, Dakar, Sénégal"
2336,4,2,160,"Mamelles, Dakar, Sénégal"
2337,1,1,70,"Yoff, Dakar, Sénégal"
2338,3,2,60,"Ouakam, Dakar, Sénégal"
2339,4,4,190,"Sacré-Coeur, Dakar, Sénégal"
2340,4,4,170,"Mamelles, Dakar, Sénégal"
2341,4,4,200,"Almadies, Dakar, Sénégal"
2342,4,5,341,"Almadies, Dakar, Sénégal"
2345,4,4,240,"Mermoz-Sacré Coeur, Dakar, Sénégal"
2346,6,3,1000,"Dakar Plateau, Dakar, Sénégal"
2347,1,1,45,"Mamelles, Dakar, Sénégal"
2348,4,3,150,"Sicap foire, Dakar, Sénégal"
2349,2,2,55,"Mariste, Dakar, Sénégal"
2350,2,2,55,"Almadies, Dakar, Sénégal"
2351,2,2,1,"Ouakam, Dakar, Sénégal"
2352,4,4,200,"Keur Massar, Sénégal"
2354,4,4,219,"Dakar, Sénégal"
2355,4,4,200,"Almadies, Dakar, Sénégal"
2356,2,2,140,"Almadies, Dakar, Sénégal"
2357,4,4,849,"Almadies, Dakar, Sénégal"
2358,4,4,200,"Almadies, Dakar, Sénégal"
2359,2,2,75,"Almadies, Dakar, Sénégal"
2360,5,6,243,"Fann, Dakar, Sénégal"
2361,4,4,300,"Fann, Dakar, Sénégal"
2362,3,4,223,"Dakar Plateau, Dakar, Sénégal"
2363,4,4,225,"Point E, Dakar, Sénégal"
2367,3,3,350,"Almadies, Dakar, Sénégal"
2368,3,2,1,"Yoff, Dakar, Sénégal"
2369,4,3,150,"Yoff, Dakar, Sénégal"
2370,4,3,200,"Almadies, Dakar, Sénégal"
2371,4,4,170,"Mamelles, Dakar, Sénégal"
2374,3,3,100,"Almadies, Dakar, Sénégal"
2380,4,5,225,"Fann, Dakar, Sénégal"
2382,4,4,12,"Mermoz-Sacré Coeur, Dakar, Sénégal"
2383,3,2,90,"Sicap Liberté, Dakar, Sénégal"
2384,4,3,220,"Yoff, Dakar, Sénégal"
2385,4,3,220,"Yoff, Dakar, Sénégal"
2386,3,2,150,"Pikine, Sénégal"
2387,3,2,150,"Sicap foire, Dakar, Sénégal"
2388,4,5,190,"Almadies, Dakar, Sénégal"
2391,4,5,229,"Almadies, Dakar, Sénégal"
2392,4,3,160,"Mamelles, Dakar, Sénégal"
2393,2,2,70,"Ouest Foire, Dakar, Sénégal"
2394,5,4,300,"Ngor, Dakar, Sénégal"
2396,4,4,330,"Almadies, Dakar, Sénégal"
2397,4,4,187,"Mermoz-Sacré Coeur, Dakar, Sénégal"
2401,3,2,150,"Mermoz-Sacré Coeur, Dakar, Sénégal"
2404,3,3,150,"Point E, Dakar, Sénégal"
2405,3,4,204,"Fann, Dakar, Sénégal"
2406,3,3,110,"Sicap foire, Dakar, Sénégal"
2407,4,4,200,"Mermoz-Sacré Coeur, Dakar, Sénégal"
2408,3,2,120,"Ngor, Dakar, Sénégal"
2409,3,3,12,"Almadies, Dakar, Sénégal"
2411,3,4,350,"Dakar Plateau, Dakar, Sénégal"
2412,3,4,174,"Mermoz-Sacré Coeur, Dakar, Sénégal"
2413,4,3,12,"Mamelles, Dakar, Sénégal"
2414,4,2,150,"Mermoz-Sacré Coeur, Dakar, Sénégal"
2416,4,3,180,"Sacré-Coeur, Dakar, Sénégal"
2417,3,2,137,"Mermoz-Sacré Coeur, Dakar, Sénégal"
2418,6,4,234,"Sipres, Dakar, Sénégal"
2420,3,2,100,"Sicap Liberté, Dakar, Sénégal"
2421,3,3,150,"Mamelles, Dakar, Sénégal"
2424,3,3,100,"Mamelles, Dakar, Sénégal"
2427,5,5,240,"Yoff, Dakar, Sénégal"
2432,2,2,100,"Sacré-Coeur, Dakar, Sénégal"
2433,1,1,6,"Dakar, Sénégal"
2434,3,4,180,"Yoff, Dakar, Sénégal"
2435,3,2,12,"Almadies, Dakar, Sénégal"
2436,3,3,150,"Dakar, Sénégal"
2438,3,2,68,"Dakar, Sénégal"
2439,3,2,150,"Ngor, Dakar, Sénégal"
2440,3,3,12,"Almadies, Dakar, Sénégal"
2442,4,4,12,"Mermoz-Sacré Coeur, Dakar, Sénégal"
2443,4,3,159,"Yoff, Dakar, Sénégal"
2444,2,2,92,"Point E, Dakar, Sénégal"
2445,3,3,120,"Yoff, Dakar, Sénégal"
2446,4,4,200,"Mermoz-Sacré Coeur, Dakar, Sénégal"
2447,4,3,150,"Mermoz-Sacré Coeur, Dakar, Sénégal"
2448,4,4,187,"Yoff, Dakar, Sénégal"
2449,4,2,150,"Sacré-Coeur, Dakar, Sénégal"
2450,3,3,12,"Almadies, Dakar, Sénégal"
2451,4,4,150,"Mermoz-Sacré Coeur, Dakar, Sénégal"
2454,3,1,120,"Mamelles, Dakar, Sénégal"
2455,3,1,110,"Sipres, Dakar, Sénégal"
2456,4,5,190,"Dakar, Sénégal"
2457,2,2,90,"Mamelles, Dakar, Sénégal"
2458,3,2,120,"Ngor, Dakar, Sénégal"
2459,4,3,150,"Djily MBaye, Dakar, Sénégal"
2460,3,2,150,"Ngor, Dakar, Sénégal"
2461,4,2,150,"Ngor, Dakar, Sénégal"
2463,3,4,1,"Mamelles, Dakar, Sénégal"
2464,3,2,120,"Yoff, Dakar, Sénégal"
2465,4,2,150,"Mermoz-Sacré Coeur, Dakar, Sénégal"
2466,4,2,125,"Mermoz-Sacré Coeur, Dakar, Sénégal"
2467,3,2,110,"Sicap Liberté, Dakar, Sénégal"
2468,4,2,125,"Mermoz-Sacré Coeur, Dakar, Sénégal"
2469,4,5,224,"Dakar, Sénégal"
2470,4,4,180,"Yoff, Dakar, Sénégal"
2471,4,4,180,"Yoff, Dakar, Sénégal"
2472,9,4,280,"Almadies, Dakar, Sénégal"
2473,5,5,195,"Yoff, Dakar, Sénégal"
2479,3,2,100,"Damel, Dakar, Sénégal"
2480,3,2,100,"Damel, Dakar, Sénégal"
2481,4,5,224,"Almadies, Dakar, Sénégal"
2482,3,2,150,"Ngor, Dakar, Sénégal"
2483,4,2,150,"Ouest Foire, Dakar, Sénégal"
2485,3,2,150,"Ngor, Dakar, Sénégal"
2487,4,3,150,"Rufisque, Sénégal"
2488,4,2,120,"Almadies, Dakar, Sénégal"
2489,3,1,50,"Sicap Liberté, Dakar, Sénégal"
2490,3,2,150,"Sicap foire, Dakar, Sénégal"
2491,2,1,100,"Sicap foire, Dakar, Sénégal"
2492,5,5,360,"Almadies, Dakar, Sénégal"
2493,4,2,112,"Diamniadio, Sénégal"
2494,3,2,80,"Sicap foire, Dakar, Sénégal"
2495,4,4,200,"Dakar Plateau, Dakar, Sénégal"
2502,4,3,200,"Mermoz-Sacré Coeur, Dakar, Sénégal"
2503,4,3,236,"Dakar, Sénégal"
2504,3,1,60,"Sicap Liberté, Dakar, Sénégal"
2505,4,5,225,"Point E, Dakar, Sénégal"
2506,4,3,180,"Mamelles, Dakar, Sénégal"
2508,3,3,150,"Mamelles, Dakar, Sénégal"
2509,5,4,175,"Patte d'oie, Dakar, Sénégal"
2510,3,2,100,"Mermoz-Sacré Coeur, Dakar, Sénégal"
2511,4,4,200,"Almadies, Dakar, Sénégal"
2512,4,4,250,"Fann, Dakar, Sénégal"
2513,6,6,329,"Mamelles, Dakar, Sénégal"
2514,4,3,150,"Sacré-Coeur, Dakar, Sénégal"
2515,3,3,12,"Almadies, Dakar, Sénégal"
2516,4,4,200,"Fann, Dakar, Sénégal"
2517,4,4,180,"Mamelles, Dakar, Sénégal"
2518,3,2,12,"Sicap Liberté, Dakar, Sénégal"
2519,4,3,150,"Sacré-Coeur, Dakar, Sénégal"
2523,5,5,250,"Almadies, Dakar, Sénégal"
2524,2,1,150,"Rufisque, Sénégal"
2525,1,1,12,"Sicap Liberté, Dakar, Sénégal"
2526,3,2,80,"Ouakam, Dakar, Sénégal"
2527,5,4,200,"Mermoz-Sacré Coeur, Dakar, Sénégal"
2531,4,4,217,"Almadies, Dakar, Sénégal"
2532,4,3,200,"Mariste, Dakar, Sénégal"
2533,4,5,250,"Almadies, Dakar, Sénégal"
2534,4,4,250,"Almadies, Dakar, Sénégal"
2535,5,5,250,"Almadies, Dakar, Sénégal"
2537,4,4,185,"Almadies, Dakar, Sénégal"
2541,3,2,97,"Sacré-Coeur, Dakar, Sénégal"
2542,2,1,55,"Ouakam, Dakar, Sénégal"
2543,3,3,100,"Mamelles, Dakar, Sénégal"
2544,4,3,140,"Sacré-Coeur, Dakar, Sénégal"
2545,3,2,105,"Ouest Foire, Dakar, Sénégal"
2546,4,4,200,"Almadies, Dakar, Sénégal"
2547,4,4,13,"Yoff, Dakar, Sénégal"
2548,3,1,110,"Ngor, Dakar, Sénégal"
2549,6,6,329,"Mamelles, Dakar, Sénégal"
2550,4,2,150,"Ngor, Dakar, Sénégal"
2554,5,3,200,"Ngor, Dakar, Sénégal"
2555,4,3,180,"Almadies, Dakar, Sénégal"
2556,4,3,150,"Sacré-Coeur, Dakar, Sénégal"
2559,5,4,280,"Mermoz-Sacré Coeur, Dakar, Sénégal"
2560,5,5,240,"Yoff, Dakar, Sénégal"
2561,3,3,100,"Ngor, Dakar, Sénégal"
2562,1,1,200,"Almadies, Dakar, Sénégal"
2563,5,3,446,"Fann, Dakar, Sénégal"
2564,4,3,12,"Mamelles, Dakar, Sénégal"
2565,4,3,147,"Almadies, Dakar, Sénégal"
2566,4,3,170,"Sacré-Coeur, Dakar, Sénégal"
2570,3,3,100,"Fass, Dakar, Sénégal"
2571,3,4,100,"Mermoz-Sacré Coeur, Dakar, Sénégal"
2572,4,4,100,"Almadies, Dakar, Sénégal"
2574,4,2,308,"Saly, Sénégal"
2576,3,3,110,"Fann, Dakar, Sénégal"
2577,5,4,90,"Sicap foire, Dakar, Sénégal"
2578,4,3,12,"Mermoz-Sacré Coeur, Dakar, Sénégal"
2584,5,5,12,"Mermoz-Sacré Coeur, Dakar, Sénégal"
2587,1,1,55,"Sicap Liberté, Dakar, Sénégal"
2589,2,2,75,"Sicap Liberté, Dakar, Sénégal"
2590,4,2,12,"Sicap Liberté, Dakar, Sénégal"
2592,2,2,1,"Patte d'oie, Dakar, Sénégal"
2593,5,5,272,"Almadies, Dakar, Sénégal"
2594,2,2,55,"Almadies, Dakar, Sénégal"
2598,5,5,329,"Mamelles, Dakar, Sénégal"
2599,4,4,12,"Ouakam, Dakar, Sénégal"
2600,5,5,12,"Mermoz-Sacré Coeur, Dakar, Sénégal"
2602,2,1,100,"Dieuppeul-Derklé, Dakar, Sénégal"
2603,5,5,280,"Point E, Dakar, Sénégal"
2604,3,2,120,"Sicap Liberté, Dakar, Sénégal"
2605,5,4,320,"Almadies, Dakar, Sénégal"
2606,4,3,240,"Fann, Dakar, Sénégal"
2607,5,4,500,"Almadies, Dakar, Sénégal"
2609,5,5,340,"Almadies, Dakar, Sénégal"
2610,3,1,120,"Damel, Dakar, Sénégal"
2611,5,4,175,"Damel, Dakar, Sénégal"
2618,4,3,180,"Mermoz-Sacré Coeur, Dakar, Sénégal"
2620,3,2,1,"Guediawaye, Dakar, Sénégal"
2621,5,5,240,"Yoff, Dakar, Sénégal"
2622,5,5,240,"Yoff, Dakar, Sénégal"
2623,5,3,300,"Almadies, Dakar, Sénégal"
2624,3,3,1,"Mamelles, Dakar, Sénégal"
2627,4,4,180,"Point E, Dakar, Sénégal"
2629,4,3,150,"Mamelles, Dakar, Sénégal"
2633,4,3,150,"Ouakam, Dakar, Sénégal"
2634,3,3,215,"Yoff, Dakar, Sénégal"
2642,2,2,150,"Mamelles, Dakar, Sénégal"
2643,3,3,137,"Fann, Dakar, Sénégal"
2644,1,1,14,"Saint Louis, Sénégal"
2646,3,3,12,"Sicap Liberté, Dakar, Sénégal"
2647,4,3,180,"Mermoz-Sacré Coeur, Dakar, Sénégal"
2648,4,3,130,"Mermoz-Sacré Coeur, Dakar, Sénégal"
2651,4,3,150,"Dakar, Sénégal"
2653,4,3,150,"Yoff, Dakar, Sénégal"
2654,4,4,150,"Almadies, Dakar, Sénégal"
2656,4,3,150,"Hann Bel-Air, Dakar, Sénégal"
2659,3,3,12,"Almadies, Dakar, Sénégal"
2660,4,2,70,"Yoff, Dakar, Sénégal"
2661,4,3,170,"Dakar Plateau, Dakar, Sénégal"
2662,7,3,100,"Yoff, Dakar, Sénégal"
2666,3,1,121,"Diamniadio, Sénégal"
2667,3,2,120,"Sicap Liberté, Dakar, Sénégal"
2675,4,4,12,"Ouakam, Dakar, Sénégal"
2682,3,1,50,"Damel, Dakar, Sénégal"
2683,3,3,120,"Yoff, Dakar, Sénégal"
2684,4,3,150,"Mamelles, Dakar, Sénégal"
2686,3,4,155,"Mamelles, Dakar, Sénégal"
2687,5,5,295,"Almadies, Dakar, Sénégal"
2688,2,1,50,"Dakar, Sénégal"
2689,4,2,150,"Mermoz-Sacré Coeur, Dakar, Sénégal"
2692,3,4,160,"Almadies, Dakar, Sénégal"
2693,5,5,245,"Almadies, Dakar, Sénégal"
2694,4,4,12,"Ouakam, Dakar, Sénégal"
2695,3,3,95,"Diamniadio, Sénégal"
2696,3,4,150,"Almadies, Dakar, Sénégal"
2697,5,3,185,"Mamelles, Dakar, Sénégal"
2698,5,4,160,"Sipres, Dakar, Sénégal"
2699,3,3,12,"Almadies, Dakar, Sénégal"
2700,4,4,400,"Almadies, Dakar, Sénégal"
2701,2,2,130,"Ngor, Dakar, Sénégal"
2703,2,2,1,"Patte d'oie, Dakar, Sénégal"
2705,4,4,200,"Almadies, Dakar, Sénégal"
2706,7,5,400,"Almadies, Dakar, Sénégal"
2708,4,5,200,"Dakar Plateau, Dakar, Sénégal"
2709,4,4,250,"Fann, Dakar, Sénégal"
2710,3,2,120,"Damel, Dakar, Sénégal"
2713,4,1,150,"Keur Massar, Sénégal"
2715,4,3,100,"Ouakam, Dakar, Sénégal"
2719,5,4,500,"Almadies, Dakar, Sénégal"
2726,3,2,200,"Mermoz-Sacré Coeur, Dakar, Sénégal"
2727,4,4,220,"Almadies, Dakar, Sénégal"
2729,4,2,175,"Mariste, Dakar, Sénégal"
2732,3,2,130,"Sicap Liberté, Dakar, Sénégal"
2733,2,2,60,"Mamelles, Dakar, Sénégal"
2734,3,2,130,"Sicap Liberté, Dakar, Sénégal"
2737,3,4,160,"Mamelles, Dakar, Sénégal"
2739,7,2,160,"Almadies, Dakar, Sénégal"
2749,3,2,80,"Mamelles, Dakar, Sénégal"
2750,4,3,140,"Sicap Liberté, Dakar, Sénégal"
2751,2,2,75,"Mariste, Dakar, Sénégal"
2753,3,2,90,"Sicap foire, Dakar, Sénégal"
2756,3,2,100,"HLM, Dakar, Sénégal"
2758,4,4,200,"Ouakam, Dakar, Sénégal"
2759,4,3,200,"Dakar Plateau, Dakar, Sénégal"
2761,4,5,150,"Point E, Dakar, Sénégal"
2762,2,1,90,"Point E, Dakar, Sénégal"
2763,4,4,225,"Fann, Dakar, Sénégal"
2765,4,3,12,"Mermoz-Sacré Coeur, Dakar, Sénégal"
2766,3,2,1,"Sicap Liberté, Dakar, Sénégal"
2767,2,2,100,"Almadies, Dakar, Sénégal"
2768,3,3,100,"Mamelles, Dakar, Sénégal"
2769,2,1,54,"Almadies, Dakar, Sénégal"
2772,4,3,12,"Mermoz-Sacré Coeur, Dakar, Sénégal"
2773,4,3,150,"Ouest Foire, Dakar, Sénégal"
2776,4,5,160,"Mamelles, Dakar, Sénégal"
2779,5,4,250,"Yoff, Dakar, Sénégal"
2784,4,3,150,"Mamelles, Dakar, Sénégal"
2785,4,5,190,"Mamelles, Dakar, Sénégal"
2786,4,5,190,"Almadies, Dakar, Sénégal"
2787,5,6,340,"Almadies, Dakar, Sénégal"
2788,3,3,12,"Almadies, Dakar, Sénégal"
2789,5,5,240,"Yoff, Dakar, Sénégal"
2790,3,3,142,"Sicap Liberté, Dakar, Sénégal"
2791,8,3,180,"Almadies, Dakar, Sénégal"
2799,3,3,150,"Ngor, Dakar, Sénégal"
2800,2,2,75,"Mermoz-Sacré Coeur, Dakar, Sénégal"
2802,3,2,150,"Hann Bel-Air, Dakar, Sénégal"
2803,4,3,150,"Mamelles, Dakar, Sénégal"
2806,4,3,140,"Mermoz-Sacré Coeur, Dakar, Sénégal"
2808,4,4,190,"Ouakam, Dakar, Sénégal"
2813,3,2,120,"Mariste, Dakar, Sénégal"
2818,3,2,80,"Dieuppeul-Derklé, Dakar, Sénégal"
2819,4,2,150,"Saint Louis, Sénégal"
2820,5,5,12,"Sacré-Coeur, Dakar, Sénégal"
2821,4,3,12,"Mermoz-Sacré Coeur, Dakar, Sénégal"
2830,6,5,400,"Fann, Dakar, Sénégal"
2831,4,4,150,"Almadies, Dakar, Sénégal"
2832,3,3,150,"Dakar, Sénégal"
2833,3,2,150,"Sicap foire, Dakar, Sénégal"
2834,4,2,100,"Sicap foire, Dakar, Sénégal"
2835,4,3,150,"Almadies, Dakar, Sénégal"
2836,4,3,200,"Dakar, Sénégal"
2838,3,3,150,"Almadies, Dakar, Sénégal"
2839,3,3,12,"Mermoz-Sacré Coeur, Dakar, Sénégal"
2840,4,3,200,"Ngor, Dakar, Sénégal"
2841,2,2,150,"Keur Massar, Sénégal"
2845,4,3,147,"Almadies, Dakar, Sénégal"
2847,2,2,80,"Mbao, Dakar, Sénégal"
2848,4,3,150,"Mbao, Dakar, Sénégal"
2852,2,1,80,"Sicap Liberté, Dakar, Sénégal"
2853,4,4,200,"Almadies, Dakar, Sénégal"
2854,4,3,180,"Almadies, Dakar, Sénégal"
2855,4,4,200,"Almadies, Dakar, Sénégal"
2856,3,3,12,"Mermoz-Sacré Coeur, Dakar, Sénégal"
2857,4,4,144,"Point E, Dakar, Sénégal"
2858,5,5,12,"Mermoz-Sacré Coeur, Dakar, Sénégal"
2861,3,2,110,"Sicap Liberté, Dakar, Sénégal"
2862,2,2,55,"Ouest Foire, Dakar, Sénégal"
2863,5,5,160,"Mamelles, Dakar, Sénégal"
2864,4,3,55,"Ouest Foire, Dakar, Sénégal"
2866,4,4,140,"Point E, Dakar, Sénégal"
2868,3,4,155,"Mamelles, Dakar, Sénégal"
2872,5,3,150,"Sacré-Coeur, Dakar, Sénégal"
2873,4,4,150,"Ngor, Dakar, Sénégal"
2876,2,2,1,"Fann-Point E-Amitié, Dakar, Sénégal"
2877,4,3,150,"Mermoz-Sacré Coeur, Dakar, Sénégal"
2880,3,2,90,"Sicap Liberté, Dakar, Sénégal"
2881,5,9,150,"Rufisque, Sénégal"
2882,4,3,140,"Mamelles, Dakar, Sénégal"
2883,3,2,110,"Sicap Liberté, Dakar, Sénégal"
2886,2,2,132,"Ngor, Dakar, Sénégal"
2887,3,1,160,"Mbao, Dakar, Sénégal"
2888,4,4,12,"Fann, Dakar, Sénégal"
2889,3,2,110,"Sicap Liberté, Dakar, Sénégal"
2890,4,3,240,"Almadies, Dakar, Sénégal"
2891,4,5,212,"Point E, Dakar, Sénégal"
2892,4,4,130,"Sicap Liberté, Dakar, Sénégal"
2896,2,1,48,"Diamniadio, Sénégal"
2900,2,1,75,"Ouest Foire, Dakar, Sénégal"
2902,3,3,100,"Sicap foire, Dakar, Sénégal"
2903,4,4,160,"Dakar, Sénégal"
2906,3,2,120,"Sicap Liberté, Dakar, Sénégal"
2907,4,4,150,"Ngor, Dakar, Sénégal"
2909,4,4,150,"Ngor, Dakar, Sénégal"
2913,2,2,120,"Point E, Dakar, Sénégal"
2914,3,2,177,"Point E, Dakar, Sénégal"
2917,4,4,12,"Ngor, Dakar, Sénégal"
2918,4,4,12,"Dakar, Sénégal"
2920,4,3,140,"Mermoz-Sacré Coeur, Dakar, Sénégal"
2922,5,5,300,"Almadies, Dakar, Sénégal"
2923,3,2,12,"Sicap Liberté, Dakar, Sénégal"
2924,4,3,12,"Mermoz-Sacré Coeur, Dakar, Sénégal"
2926,3,2,120,"Fann, Dakar, Sénégal"
2927,4,3,140,"Ouakam, Dakar, Sénégal"
2928,3,2,90,"Mbao, Dakar, Sénégal"
2932,3,3,78,"Mamelles, Dakar, Sénégal"
2934,2,2,110,"Sicap foire, Dakar, Sénégal"
2936,4,5,240,"Mermoz-Sacré Coeur, Dakar, Sénégal"
2937,12,6,125,"Sacré-Coeur, Dakar, Sénégal"
2938,4,4,260,"Almadies, Dakar, Sénégal"
2943,3,1,50,"HLM, Dakar, Sénégal"
2946,3,2,100,"Sicap Liberté, Dakar, Sénégal"
2947,4,4,150,"Ngor, Dakar, Sénégal"
2948,4,3,150,"Mamelles, Dakar, Sénégal"
2949,4,4,200,"Point E, Dakar, Sénégal"
2950,2,1,150,"Mermoz-Sacré Coeur, Dakar, Sénégal"
2951,4,5,150,"Mermoz-Sacré Coeur, Dakar, Sénégal"
2952,4,2,140,"Mermoz-Sacré Coeur, Dakar, Sénégal"
2953,3,3,200,"Almadies, Dakar, Sénégal"
2954,3,4,250,"Almadies, Dakar, Sénégal"
2955,3,2,150,"Almadies, Dakar, Sénégal"
2956,3,3,1,"Yoff, Dakar, Sénégal"
2958,4,4,200,"Point E, Dakar, Sénégal"
2959,5,4,12,"Mermoz-Sacré Coeur, Dakar, Sénégal"
2960,5,5,12,"Dakar Plateau, Dakar, Sénégal"
2962,4,4,300,"Fann, Dakar, Sénégal"
2964,4,3,144,"Sacré-Coeur, Dakar, Sénégal"
2967,4,3,210,"Almadies, Dakar, Sénégal"
2969,4,2,110,"Mermoz-Sacré Coeur, Dakar, Sénégal"
2971,4,3,200,"Cambérène, Dakar, Sénégal"
2974,2,2,1,"Sicap Liberté, Dakar, Sénégal"
2975,2,2,1,"Yoff, Dakar, Sénégal"
2976,4,3,160,"Mermoz-Sacré Coeur, Dakar, Sénégal"
2978,4,3,120,"Mariste, Dakar, Sénégal"
2984,3,2,68,"Dakar, Sénégal"
2985,3,1,150,"Ouest Foire, Dakar, Sénégal"
2986,3,2,120,"Mariste, Dakar, Sénégal"
2987,5,5,12,"Dakar Plateau, Dakar, Sénégal"
2989,3,2,150,"Dakar, Sénégal"
2992,4,2,200,"Mamelles, Dakar, Sénégal"
2993,3,2,105,"Keur Massar, Sénégal"
2994,4,5,200,"Almadies, Dakar, Sénégal"
2995,3,3,12,"Mermoz-Sacré Coeur, Dakar, Sénégal"
2996,4,3,150,"Rufisque, Sénégal"
2997,4,4,300,"Fann, Dakar, Sénégal"
2998,3,2,200,"Mermoz-Sacré Coeur, Dakar, Sénégal"
3000,4,3,300,"Almadies, Dakar, Sénégal"
3002,4,3,100,"Ouest Foire, Dakar, Sénégal"
3005,4,3,200,"Mbao, Dakar, Sénégal"
3006,2,1,100,"Mermoz-Sacré Coeur, Dakar, Sénégal"
3007,3,2,180,"Sicap foire, Dakar, Sénégal"
3009,2,2,200,"Mermoz-Sacré Coeur, Dakar, Sénégal"
3010,1,1,25,"Dakar, Sénégal"
3011,4,4,12,"Almadies, Dakar, Sénégal"
3013,4,4,140,"Sicap Liberté, Dakar, Sénégal"
3015,4,2,147,"Almadies, Dakar, Sénégal"
3016,2,1,75,"Almadies, Dakar, Sénégal"
3017,4,1,200,"Sipres, Dakar, Sénégal"
3023,3,3,75,"Ngor, Dakar, Sénégal"
3027,4,1,200,"Sipres, Dakar, Sénégal"
3028,3,2,150,"Mariste, Dakar, Sénégal"
3029,3,1,150,"Mariste, Dakar, Sénégal"
3030,4,4,12,"Dakar, Sénégal"
3031,5,5,12,"Dakar Plateau, Dakar, Sénégal"
3037,3,3,100,"Mermoz-Sacré Coeur, Dakar, Sénégal"
3038,3,2,100,"HLM, Dakar, Sénégal"
3039,4,2,150,"Ouakam, Dakar, Sénégal"
3040,4,3,110,"Point E, Dakar, Sénégal"
3044,4,4,12,"Mermoz-Sacré Coeur, Dakar, Sénégal"
3047,2,1,65,"Point E, Dakar, Sénégal"
3048,4,4,190,"Point E, Dakar, Sénégal"
3049,3,2,70,"Rufisque, Sénégal"
3050,4,3,150,"Mermoz-Sacré Coeur, Dakar, Sénégal"
3051,4,3,150,"Sacré-Coeur, Dakar, Sénégal"
3052,4,2,135,"Ngor, Dakar, Sénégal"
3053,4,4,240,"Fann, Dakar, Sénégal"
3054,4,5,210,"Fann, Dakar, Sénégal"
3055,2,1,200,"Sipres, Dakar, Sénégal"
3056,4,4,12,"Almadies, Dakar, Sénégal"
3057,4,4,12,"Mermoz-Sacré Coeur, Dakar, Sénégal"
3058,3,2,125,"Mamelles, Dakar, Sénégal"
3059,2,1,50,"Parcelle Assainies, Dakar, Sénégal"
3060,3,1,91,"Mariste, Dakar, Sénégal"
3062,2,2,120,"Sicap Liberté, Dakar, Sénégal"
3065,2,2,150,"Rufisque, Sénégal"
3066,4,4,1600,"Sicap foire, Dakar, Sénégal"
3067,5,5,12,"Mermoz-Sacré Coeur, Dakar, Sénégal"
3068,4,2,12,"Almadies, Dakar, Sénégal"
3069,4,4,12,"Mermoz-Sacré Coeur, Dakar, Sénégal"
3070,5,5,12,"Dakar Plateau, Dakar, Sénégal"
3073,4,3,150,"Dakar, Sénégal"
3075,3,3,220,"Almadies, Dakar, Sénégal"
3078,3,3,172,"Almadies, Dakar, Sénégal"
3079,3,2,12,"Mermoz-Sacré Coeur, Dakar, Sénégal"
3080,2,1,50,"Sacré-Coeur, Dakar, Sénégal"
3083,3,3,100,"Mermoz-Sacré Coeur, Dakar, Sénégal"
3084,4,3,180,"Yoff, Dakar, Sénégal"
3087,3,3,12,"Mermoz-Sacré Coeur, Dakar, Sénégal"
3088,5,5,12,"Mermoz-Sacré Coeur, Dakar, Sénégal"
3089,4,4,12,"Mermoz-Sacré Coeur, Dakar, Sénégal"
3091,3,3,80,"Mermoz-Sacré Coeur, Dakar, Sénégal"
3092,5,5,240,"Yoff, Dakar, Sénégal"
3094,2,2,60,"Point E, Dakar, Sénégal"
3095,5,5,340,"Almadies, Dakar, Sénégal"
3099,3,4,200,"Point E, Dakar, Sénégal"
3102,4,3,150,"Dakar, Sénégal"
3104,2,3,150,"Dakar, Sénégal"
3105,4,4,150,"Ngor, Dakar, Sénégal"
3107,4,4,140,"Ngor, Dakar, Sénégal"
3110,3,1,50,"Ngor, Dakar, Sénégal"
3111,3,1,60,"Ngor, Dakar, Sénégal"
3112,4,4,12,"Almadies, Dakar, Sénégal"
3113,5,4,12,"Almadies, Dakar, Sénégal"
3114,5,5,12,"Mermoz-Sacré Coeur, Dakar, Sénégal"
3115,4,5,175,"Point E, Dakar, Sénégal"
3116,4,4,200,"Yoff, Dakar, Sénégal"
3117,5,5,12,"Almadies, Dakar, Sénégal"
3118,4,4,12,"Almadies, Dakar, Sénégal"
3119,4,4,12,"Almadies, Dakar, Sénégal"
3120,4,3,160,"Mermoz-Sacré Coeur, Dakar, Sénégal"
3121,8,4,240,"Almadies, Dakar, Sénégal"
3131,3,2,90,"Mbao, Dakar, Sénégal"
3132,3,2,110,"Sicap Liberté, Dakar, Sénégal"
3133,3,2,1,"Fann-Point E-Amitié, Dakar, Sénégal"
3139,4,4,190,"Mamelles, Dakar, Sénégal"
3144,5,5,300,"Dakar Plateau, Dakar, Sénégal"
3145,2,3,200,"Sacré-Coeur, Dakar, Sénégal"
3146,5,5,220,"Almadies, Dakar, Sénégal"
3147,5,5,12,"Almadies, Dakar, Sénégal"
3148,4,4,12,"Almadies, Dakar, Sénégal"
3149,4,4,12,"Ngor, Dakar, Sénégal"
3150,5,5,12,"Dakar Plateau, Dakar, Sénégal"
3158,3,3,12,"Mermoz-Sacré Coeur, Dakar, Sénégal"
3159,4,4,12,"Ngor, Dakar, Sénégal"
3160,4,4,12,"Mermoz-Sacré Coeur, Dakar, Sénégal"
3161,2,1,200,"Mermoz-Sacré Coeur, Dakar, Sénégal"
3162,5,3,250,"Almadies, Dakar, Sénégal"
3164,4,4,170,"Mamelles, Dakar, Sénégal"
3165,2,2,150,"Dakar, Sénégal"
3168,4,5,200,"Mermoz-Sacré Coeur, Dakar, Sénégal"
3169,5,6,300,"Mermoz-Sacré Coeur, Dakar, Sénégal"
3170,4,5,150,"Mermoz-Sacré Coeur, Dakar, Sénégal"
3171,4,3,150,"Ouakam, Dakar, Sénégal"
3172,3,2,1,"Guediawaye, Dakar, Sénégal"
3173,4,4,239,"Mermoz-Sacré Coeur, Dakar, Sénégal"
3176,4,2,110,"Mermoz-Sacré Coeur, Dakar, Sénégal"
3177,5,4,259,"Mamelles, Dakar, Sénégal"
3178,4,2,150,"Ouakam, Dakar, Sénégal"
3179,3,3,12,"Mermoz-Sacré Coeur, Dakar, Sénégal"
3180,5,5,12,"Almadies, Dakar, Sénégal"
3185,4,4,12,"Almadies, Dakar, Sénégal"
3186,4,4,12,"Almadies, Dakar, Sénégal"
3187,3,3,12,"Almadies, Dakar, Sénégal"
3188,3,3,12,"Mermoz-Sacré Coeur, Dakar, Sénégal"
3190,3,2,100,"Yoff, Dakar, Sénégal"
3191,3,3,170,"Mamelles, Dakar, Sénégal"
3193,2,2,1,"Sacré-Coeur, Dakar, Sénégal"
3195,3,3,12,"Mermoz-Sacré Coeur, Dakar, Sénégal"
3196,3,2,125,"Dakar Plateau, Dakar, Sénégal"
3197,2,1,55,"Saly, Sénégal"
3198,1,1,33,"Saly, Sénégal"
3199,2,1,80,"Mermoz-Sacré Coeur, Dakar, Sénégal"
3200,5,5,175,"Sicap foire, Dakar, Sénégal"
3205,3,2,120,"Sicap Liberté, Dakar, Sénégal"
3206,4,4,325,"Almadies, Dakar, Sénégal"
3207,4,4,200,"Ngor, Dakar, Sénégal"
3208,4,1,100,"Mamelles, Dakar, Sénégal"
3209,3,2,120,"Ngor, Dakar, Sénégal"
3210,5,4,280,"Sacré-Coeur, Dakar, Sénégal"
3213,4,4,140,"Sipres, Dakar, Sénégal"
3214,3,2,90,"Keur Massar, Sénégal"
3215,4,5,220,"Mamelles, Dakar, Sénégal"
3217,4,4,12,"Ngor, Dakar, Sénégal"
3218,3,3,12,"Mermoz-Sacré Coeur, Dakar, Sénégal"
3219,4,4,150,"Mermoz-Sacré Coeur, Dakar, Sénégal"
3220,4,4,150,"Mermoz-Sacré Coeur, Dakar, Sénégal"
3221,4,4,150,"Mariste, Dakar, Sénégal"
3222,2,2,150,"Mermoz-Sacré Coeur, Dakar, Sénégal"
3223,4,4,150,"Mamelles, Dakar, Sénégal"
3224,5,5,12,"Mermoz-Sacré Coeur, Dakar, Sénégal"
3229,2,2,75,"Almadies, Dakar, Sénégal"
3230,5,5,180,"Ngor, Dakar, Sénégal"
3232,4,2,150,"Keur Massar, Sénégal"
3234,4,5,180,"Sicap Liberté, Dakar, Sénégal"
3235,4,4,12,"Almadies, Dakar, Sénégal"
3237,4,3,12,"Mariste, Dakar, Sénégal"
3238,5,6,280,"Point E, Dakar, Sénégal"
3239,4,3,247,"Dakar Plateau, Dakar, Sénégal"
3245,3,3,150,"Mermoz-Sacré Coeur, Dakar, Sénégal"
3248,2,2,150,"Rufisque, Sénégal"
3249,3,2,140,"Sicap Liberté, Dakar, Sénégal"
3250,4,3,100,"Sacré-Coeur, Dakar, Sénégal"
3252,3,4,120,"Ouakam, Dakar, Sénégal"
3253,3,1,80,"Sicap foire, Dakar, Sénégal"
3257,3,1,80,"Almadies 2, Dakar, Sénégal"
3259,4,5,200,"Dakar, Sénégal"
3260,2,2,150,"Sicap Liberté, Dakar, Sénégal"
3261,4,3,154,"Dakar Plateau, Dakar, Sénégal"
3262,4,3,144,"Dakar Plateau, Dakar, Sénégal"
3265,4,4,300,"Yoff, Dakar, Sénégal"
3266,4,3,175,"Point E, Dakar, Sénégal"
3268,3,4,200,"Sicap Liberté, Dakar, Sénégal"
3269,4,2,150,"Mamelles, Dakar, Sénégal"
3272,4,4,12,"Dakar Plateau, Dakar, Sénégal"
3273,4,4,12,"Almadies, Dakar, Sénégal"
3274,3,2,75,"Guediawaye, Dakar, Sénégal"
3275,4,3,180,"Mariste, Dakar, Sénégal"
3276,3,3,150,"Fass, Dakar, Sénégal"
3280,4,2,150,"Hann Bel-Air, Dakar, Sénégal"
3281,3,2,8,"Mamelles, Dakar, Sénégal"
3282,3,3,8,"Mamelles, Dakar, Sénégal"
3284,3,2,70,"Dakar, Sénégal"
3287,2,3,150,"Almadies, Dakar, Sénégal"
3288,1,1,75,"Yoff, Dakar, Sénégal"
3289,4,4,200,"Mariste, Dakar, Sénégal"
3290,4,4,150,"Mariste, Dakar, Sénégal"
3291,3,3,300,"Dakar Plateau, Dakar, Sénégal"
3296,4,3,200,"Mermoz-Sacré Coeur, Dakar, Sénégal"
3297,3,3,75,"Yoff, Dakar, Sénégal"
3298,4,3,120,"Yoff, Dakar, Sénégal"
3299,3,1,150,"Dakar Plateau, Dakar, Sénégal"
3300,9,3,165,"Ngor, Dakar, Sénégal"
3301,9,4,240,"Almadies, Dakar, Sénégal"
3302,4,4,190,"Ngor, Dakar, Sénégal"
3308,4,2,200,"Almadies, Dakar, Sénégal"
3309,4,3,150,"Ngor, Dakar, Sénégal"
3310,3,1,150,"Mariste, Dakar, Sénégal"
3312,2,1,47,"Sacré-Coeur, Dakar, Sénégal"
3313,4,4,210,"Almadies, Dakar, Sénégal"
3314,3,2,145,"Almadies, Dakar, Sénégal"
3315,3,2,130,"Sicap Liberté, Dakar, Sénégal"
3319,2,2,45,"Mamelles, Dakar, Sénégal"
3321,4,4,200,"Ouakam, Dakar, Sénégal"
3322,3,2,65,"Guediawaye, Dakar, Sénégal"
3326,4,4,192,"Point E, Dakar, Sénégal"
3331,4,3,170,"Dakar Plateau, Dakar, Sénégal"
3333,4,3,140,"Sicap Liberté, Dakar, Sénégal"
3339,4,3,160,"Almadies, Dakar, Sénégal"
3341,3,3,150,"Mermoz-Sacré Coeur, Dakar, Sénégal"
3345,3,2,120,"Sicap foire, Dakar, Sénégal"
3346,4,4,144,"Point E, Dakar, Sénégal"
3347,4,3,200,"Mermoz-Sacré Coeur, Dakar, Sénégal"
3348,3,3,100,"Mermoz-Sacré Coeur, Dakar, Sénégal"
3349,4,3,169,"Sacré-Coeur, Dakar, Sénégal"
3350,2,1,1,"Yoff, Dakar, Sénégal"
3351,4,2,300,"Mermoz-Sacré Coeur, Dakar, Sénégal"
3353,3,2,140,"Sicap foire, Dakar, Sénégal"
3356,3,3,110,"Mermoz-Sacré Coeur, Dakar, Sénégal"
3357,4,3,179,"Dakar, Sénégal"
3358,3,3,150,"Mamelles, Dakar, Sénégal"
3362,3,2,150,"Keur Massar, Sénégal"
3366,5,5,450,"Almadies, Dakar, Sénégal"
3367,4,4,250,"Almadies, Dakar, Sénégal"
3368,4,4,12,"Mamelles, Dakar, Sénégal"
3369,4,2,114,"Dakar Plateau, Dakar, Sénégal"
3370,4,2,140,"Mariste, Dakar, Sénégal"
3371,4,4,200,"Dakar, Sénégal"
3373,4,3,160,"Mamelles, Dakar, Sénégal"
3376,4,3,12,"Mamelles, Dakar, Sénégal"
3377,2,2,150,"Sacré-Coeur, Dakar, Sénégal"
3378,3,4,135,"Fann, Dakar, Sénégal"
3380,4,3,200,"Yoff, Dakar, Sénégal"
3381,4,2,150,"Almadies, Dakar, Sénégal"
3387,3,3,110,"Ouakam, Dakar, Sénégal"
3389,2,2,69,"Mermoz-Sacré Coeur, Dakar, Sénégal"
3391,3,3,100,"Sacré-Coeur, Dakar, Sénégal"
3392,5,5,210,"Yoff, Dakar, Sénégal"
3393,5,5,320,"Dakar Plateau, Dakar, Sénégal"
3394,4,4,12,"Dakar Plateau, Dakar, Sénégal"
3404,3,2,100,"HLM, Dakar, Sénégal"
3405,2,2,150,"Almadies, Dakar, Sénégal"
3406,4,3,250,"Dakar, Sénégal"
3407,4,4,190,"Ouakam, Dakar, Sénégal"
3414,4,4,175,"Mamelles, Dakar, Sénégal"
3417,4,4,200,"Almadies, Dakar, Sénégal"
3418,4,3,200,"Sacré-Coeur, Dakar, Sénégal"
3419,4,2,150,"Sacré-Coeur, Dakar, Sénégal"
3420,3,3,150,"Dakar, Sénégal"
3422,4,3,150,"Sacré-Coeur, Dakar, Sénégal"
3424,4,3,150,"Mamelles, Dakar, Sénégal"
3426,4,4,137,"Point E, Dakar, Sénégal"
3429,5,2,253,"Point E, Dakar, Sénégal"
3433,1,1,55,"Sicap Liberté, Dakar, Sénégal"
3434,3,2,110,"Sicap Liberté, Dakar, Sénégal"
3435,4,2,70,"Ouakam, Dakar, Sénégal"
3436,3,4,130,"Point E, Dakar, Sénégal"
3440,4,4,166,"Point E, Dakar, Sénégal"
3441,4,2,150,"Mermoz-Sacré Coeur, Dakar, Sénégal"
3444,1,1,60,"Diamalaye 1, Dakar, Sénégal"
3445,3,2,70,"Diamalaye 1, Dakar, Sénégal"
3447,2,2,55,"Mariste, Dakar, Sénégal"
3448,3,2,1,"Ouest Foire, Dakar, Sénégal"
3449,3,3,180,"Ngor, Dakar, Sénégal"
3453,4,2,180,"Almadies, Dakar, Sénégal"
3454,2,2,150,"Sacré-Coeur, Dakar, Sénégal"
3457,5,4,250,"Almadies, Dakar, Sénégal"
3458,4,3,205,"Almadies, Dakar, Sénégal"
3459,3,2,100,"Mermoz-Sacré Coeur, Dakar, Sénégal"
3460,2,2,1,"Yoff, Dakar, Sénégal"
3462,4,4,150,"Ngor, Dakar, Sénégal"
3466,2,1,12,"Sicap Liberté, Dakar, Sénégal"
3469,2,1,1,"Sicap Liberté, Dakar, Sénégal"
3470,3,2,100,"Yoff, Dakar, Sénégal"
3471,9,4,300,"Almadies, Dakar, Sénégal"
3472,4,2,135,"Mamelles, Dakar, Sénégal"
3477,4,4,150,"Sicap foire, Dakar, Sénégal"
3479,2,1,2,"Ouakam, Dakar, Sénégal"
3482,4,5,150,"Ouest Foire, Dakar, Sénégal"
3483,4,2,150,"Mbao, Dakar, Sénégal"
3485,2,1,55,"Ouakam, Dakar, Sénégal"
3487,4,3,130,"Yoff, Dakar, Sénégal"
3488,4,2,90,"Dakar, Sénégal"
3489,4,4,12,"Dakar Plateau, Dakar, Sénégal"
3494,1,1,60,"Sicap foire, Dakar, Sénégal"
3495,3,3,150,"Rufisque, Sénégal"
3496,3,3,100,"Point E, Dakar, Sénégal"
3500,3,2,100,"Mamelles, Dakar, Sénégal"
3501,2,1,90,"Yoff, Dakar, Sénégal"
3502,4,4,200,"Almadies, Dakar, Sénégal"
3503,4,4,160,"Mermoz-Sacré Coeur, Dakar, Sénégal"
3505,2,2,90,"Mariste, Dakar, Sénégal"
3508,3,3,100,"Mariste, Dakar, Sénégal"
3510,4,2,148,"Sicap Liberté, Dakar, Sénégal"
3511,3,2,110,"Sicap Liberté, Dakar, Sénégal"
3512,6,6,325,"Dakar Plateau, Dakar, Sénégal"
3513,3,2,80,"Dakar, Sénégal"
3514,3,3,140,"Mermoz-Sacré Coeur, Dakar, Sénégal"
3515,2,2,62,"Point E, Dakar, Sénégal"
3516,4,4,150,"Almadies, Dakar, Sénégal"
3517,4,3,150,"Mariste, Dakar, Sénégal"
3518,4,3,100,"Mermoz-Sacré Coeur, Dakar, Sénégal"
3519,6,4,270,"Almadies, Dakar, Sénégal"
3522,4,3,150,"Mamelles, Dakar, Sénégal"
3524,3,4,150,"Dakar, Sénégal"
3525,4,4,150,"Mamelles, Dakar, Sénégal"
3526,3,2,150,"Mamelles, Dakar, Sénégal"
3527,4,4,140,"Almadies, Dakar, Sénégal"
3528,3,3,150,"Mamelles, Dakar, Sénégal"
3530,3,1,90,"Mbao, Dakar, Sénégal"
3532,3,2,100,"Diamalaye 1, Dakar, Sénégal"
3533,3,1,150,"Keur Massar, Sénégal"
3535,2,2,60,"Mamelles, Dakar, Sénégal"
3537,4,4,100,"Damel, Dakar, Sénégal"
3538,3,4,100,"Mermoz-Sacré Coeur, Dakar, Sénégal"
3539,3,2,125,"Almadies, Dakar, Sénégal"
3540,3,2,100,"Ouest Foire, Dakar, Sénégal"
3541,3,150,170,"Yoff, Dakar, Sénégal"
3544,4,3,150,"Almadies, Dakar, Sénégal"
3546,2,1,127,"Sicap foire, Dakar, Sénégal"
3547,3,2,131,"Sicap foire, Dakar, Sénégal"
3548,2,1,1,"Yoff, Dakar, Sénégal"
3549,3,2,110,"Sicap Liberté, Dakar, Sénégal"
3550,2,1,50,"Ouest Foire, Dakar, Sénégal"
3551,6,5,380,"Ouakam, Dakar, Sénégal"
3552,4,3,150,"Rufisque, Sénégal"
3553,3,2,90,"Sacré-Coeur, Dakar, Sénégal"
3554,4,3,105,"Sacré-Coeur, Dakar, Sénégal"
3557,4,4,200,"Sacré-Coeur, Dakar, Sénégal"
3558,2,1,75,"Ouakam, Dakar, Sénégal"
3559,3,3,100,"Dakar, Sénégal"
3560,2,2,127,"Parcelle Assainies, Dakar, Sénégal"
3561,3,2,132,"Grand Yoff, Dakar, Sénégal"
3562,2,1,40,"Ouest Foire, Dakar, Sénégal"
3564,4,2,100,"Ouakam, Dakar, Sénégal"
3567,4,4,200,"Point E, Dakar, Sénégal"
3568,3,2,100,"Ouakam, Dakar, Sénégal"
3570,3,1,150,"Diamniadio, Sénégal"
3583,1,1,200,"Ouakam, Dakar, Sénégal"
3584,4,3,180,"Dakar Plateau, Dakar, Sénégal"
3585,4,4,170,"Ngor, Dakar, Sénégal"
3587,4,2,127,"Mermoz-Sacré Coeur, Dakar, Sénégal"
3589,3,1,100,"Sacré-Coeur, Dakar, Sénégal"
3592,3,2,100,"Mariste, Dakar, Sénégal"
3595,4,2,150,"Diamniadio, Sénégal"
3596,3,2,150,"Ouakam, Dakar, Sénégal"
3597,4,4,225,"Almadies, Dakar, Sénégal"
3598,3,2,110,"Ouest Foire, Dakar, Sénégal"
3599,3,3,100,"Dakar, Sénégal"
3600,4,2,160,"Mamelles, Dakar, Sénégal"
3601,2,2,75,"Ouest Foire, Dakar, Sénégal"
3604,4,3,170,"Sicap Liberté, Dakar, Sénégal"
3605,5,4,280,"Sacré-Coeur, Dakar, Sénégal"
3608,3,3,25,"Sicap Liberté, Dakar, Sénégal"
3611,4,3,135,"Dakar, Sénégal"
3617,4,4,187,"Yoff, Dakar, Sénégal"
3621,4,4,152,"Mermoz-Sacré Coeur, Dakar, Sénégal"
3622,1,1,150,"Sipres, Dakar, Sénégal"
3623,3,3,150,"Sacré-Coeur, Dakar, Sénégal"
3624,2,1,58,"Sicap foire, Dakar, Sénégal"
3627,4,4,150,"Ngor, Dakar, Sénégal"
3628,4,4,150,"Ngor, Dakar, Sénégal"
3629,3,3,120,"Ouakam, Dakar, Sénégal"
3630,4,4,210,"Almadies, Dakar, Sénégal"
3631,2,1,8,"Parcelle Assainies, Dakar, Sénégal"
3632,6,5,350,"Almadies, Dakar, Sénégal"
3638,3,3,120,"Sacré-Coeur, Dakar, Sénégal"
3639,3,3,120,"Point E, Dakar, Sénégal"
3642,3,2,30,"Saint Louis, Sénégal"
3646,5,2,150,"Mamelles, Dakar, Sénégal"
3647,4,3,157,"Mermoz-Sacré Coeur, Dakar, Sénégal"
3649,4,4,160,"Almadies, Dakar, Sénégal"
3650,4,3,200,"Mariste, Dakar, Sénégal"
3651,5,4,1,"Mamelles, Dakar, Sénégal"
3652,4,2,100,"Dakar, Sénégal"
3653,4,4,300,"Almadies, Dakar, Sénégal"
3657,3,3,150,"Mamelles, Dakar, Sénégal"
3661,4,2,140,"Mamelles, Dakar, Sénégal"
3662,3,2,125,"Mamelles, Dakar, Sénégal"
3663,3,3,200,"Dakar Plateau, Dakar, Sénégal"
3664,4,2,150,"Sicap Liberté, Dakar, Sénégal"
3665,2,1,100,"Mamelles, Dakar, Sénégal"
3667,3,2,150,"Ngor, Dakar, Sénégal"
3668,4,3,180,"Point E, Dakar, Sénégal"
3669,3,2,117,"Point E, Dakar, Sénégal"
3671,3,1,75,"Patte d'oie, Dakar, Sénégal"
3672,3,3,180,"Mbao, Dakar, Sénégal"
3673,5,5,200,"Mamelles, Dakar, Sénégal"
3674,4,5,250,"Mamelles, Dakar, Sénégal"
3675,4,5,225,"Almadies, Dakar, Sénégal"
3678,2,1,40,"Ouest Foire, Dakar, Sénégal"
3680,2,2,75,"Mariste, Dakar, Sénégal"
3681,5,2,160,"Sicap foire, Dakar, Sénégal"
3682,2,2,50,"Dieuppeul-Derklé, Dakar, Sénégal"
3684,3,2,60,"Yoff, Dakar, Sénégal"
3688,4,3,135,"Sacré-Coeur, Dakar, Sénégal"
3689,3,2,100,"Sacré-Coeur, Dakar, Sénégal"
3690,4,3,200,"Dakar, Sénégal"
3691,3,4,150,"Ouest Foire, Dakar, Sénégal"
3693,2,2,75,"Ouest Foire, Dakar, Sénégal"
3694,3,3,180,"Mamelles, Dakar, Sénégal"
3696,4,4,225,"Almadies, Dakar, Sénégal"
3697,4,1,150,"Almadies, Dakar, Sénégal"
3698,3,4,1,"Ngor, Dakar, Sénégal"
3699,2,2,80,"Mermoz-Sacré Coeur, Dakar, Sénégal"
3701,4,3,198,"Mariste, Dakar, Sénégal"
3702,4,3,100,"Mermoz-Sacré Coeur, Dakar, Sénégal"
3704,5,4,1,"Mamelles, Dakar, Sénégal"
3705,3,2,80,"Sacré-Coeur, Dakar, Sénégal"
3706,1,1,20,"Sacré-Coeur, Dakar, Sénégal"
3709,4,2,148,"Sicap Liberté, Dakar, Sénégal"
3711,3,2,80,"Mamelles, Dakar, Sénégal"
3713,3,2,100,"Diamniadio, Sénégal"
3714,4,4,230,"Almadies, Dakar, Sénégal"
3715,3,2,70,"Mbao, Dakar, Sénégal"
3716,3,3,94,"Sacré-Coeur, Dakar, Sénégal"
3717,3,1,1,"Mermoz-Sacré Coeur, Dakar, Sénégal"
3718,4,3,90,"Dakar, Sénégal"
3720,3,2,1,"Rufisque, Sénégal"
3721,2,1,1,"Rufisque, Sénégal"
3722,5,5,310,"Almadies, Dakar, Sénégal"
3726,3,3,1,"Ngor, Dakar, Sénégal"
3727,3,3,1,"Ngor, Dakar, Sénégal"
3735,4,2,144,"Point E, Dakar, Sénégal"
3736,4,3,190,"Sicap Liberté, Dakar, Sénégal"
3737,4,3,250,"Sicap Liberté, Dakar, Sénégal"
3740,4,5,10,"Almadies, Dakar, Sénégal"
3742,5,4,75,"Dieuppeul-Derklé, Dakar, Sénégal"
3743,3,2,70,"Ouakam, Dakar, Sénégal"
3744,4,2,90,"Sicap foire, Dakar, Sénégal"
3745,5,4,140,"Yoff, Dakar, Sénégal"
3746,4,5,180,"Point E, Dakar, Sénégal"
3747,2,1,40,"Ouest Foire, Dakar, Sénégal"
3748,3,2,100,"Keur Massar, Sénégal"
3750,4,3,150,"Keur Massar, Sénégal"
3751,3,2,150,"Keur Massar, Sénégal"
3753,3,2,120,"Almadies, Dakar, Sénégal"
3754,4,3,150,"Rufisque, Sénégal"
3755,4,2,128,"Point E, Dakar, Sénégal"
3756,3,2,80,"Dakar, Sénégal"
3757,2,2,100,"Mariste, Dakar, Sénégal"
3758,3,2,1,"Ouest Foire, Dakar, Sénégal"
3760,5,5,330,"Almadies, Dakar, Sénégal"
3761,3,2,110,"Sicap foire, Dakar, Sénégal"
3767,3,3,138,"Yoff, Dakar, Sénégal"
3768,4,3,137,"Mamelles, Dakar, Sénégal"
3770,4,3,200,"Dakar Plateau, Dakar, Sénégal"
3771,2,2,1,"Almadies, Dakar, Sénégal"
3772,3,2,65,"Fann, Dakar, Sénégal"
3773,4,3,150,"Mbao, Dakar, Sénégal"
3775,5,3,150,"Mamelles, Dakar, Sénégal"
3776,4,5,200,"Almadies, Dakar, Sénégal"
3777,5,5,330,"Almadies, Dakar, Sénégal"
3778,1,1,100,"Rufisque, Sénégal"
3780,5,2,180,"Mamelles, Dakar, Sénégal"
3781,4,3,300,"Mermoz-Sacré Coeur, Dakar, Sénégal"
3782,4,3,200,"Yoff, Dakar, Sénégal"
3783,4,3,200,"Mermoz-Sacré Coeur, Dakar, Sénégal"
3784,5,5,230,"Yoff, Dakar, Sénégal"
3785,3,3,150,"Yoff, Dakar, Sénégal"
3787,4,3,150,"Mariste, Dakar, Sénégal"
3789,4,3,200,"Mamelles, Dakar, Sénégal"
3790,4,2,160,"Mermoz-Sacré Coeur, Dakar, Sénégal"
3791,4,3,200,"Yoff, Dakar, Sénégal"
3793,3,2,5,"Ouest Foire, Dakar, Sénégal"
3794,3,2,75,"Mamelles, Dakar, Sénégal"
3795,4,2,160,"Mamelles, Dakar, Sénégal"
3796,3,2,100,"Almadies 2, Dakar, Sénégal"
3800,3,3,98,"Mermoz-Sacré Coeur, Dakar, Sénégal"
3802,4,4,240,"Dakar Plateau, Dakar, Sénégal"
3803,3,2,131,"Yoff, Dakar, Sénégal"
3805,2,1,90,"Dakar, Sénégal"
3807,2,2,120,"Almadies, Dakar, Sénégal"
3808,3,1,155,"Mbao, Dakar, Sénégal"
3809,4,2,1,"Mermoz-Sacré Coeur, Dakar, Sénégal"
3810,3,2,160,"Mamelles, Dakar, Sénégal"
3811,5,3,143,"Point E, Dakar, Sénégal"
3812,3,2,150,"Ouakam, Dakar, Sénégal"
3813,5,3,150,"Almadies, Dakar, Sénégal"
3814,4,3,200,"Dakar Plateau, Dakar, Sénégal"
3816,2,2,150,"Dakar, Sénégal"
3818,3,2,132,"Sicap foire, Dakar, Sénégal"
3820,4,3,100,"Yoff, Dakar, Sénégal"
3821,3,2,150,"Ouest Foire, Dakar, Sénégal"
3822,3,1,80,"Rufisque, Sénégal"
3823,3,1,135,"Mermoz-Sacré Coeur, Dakar, Sénégal"
3824,2,1,150,"Ngor, Dakar, Sénégal"
3825,2,2,100,"Ouest Foire, Dakar, Sénégal"
3826,2,2,127,"Sipres, Dakar, Sénégal"
3827,1,1,45,"Yoff, Dakar, Sénégal"
3831,4,3,150,"Dieuppeul-Derklé, Dakar, Sénégal"
3832,1,1,55,"Mermoz-Sacré Coeur, Dakar, Sénégal"
3833,3,2,150,"Dakar Plateau, Dakar, Sénégal"
3838,4,3,120,"Mermoz-Sacré Coeur, Dakar, Sénégal"
3840,4,4,140,"Dakar, Sénégal"
3841,4,3,200,"Dakar Plateau, Dakar, Sénégal"
3842,3,3,200,"Dakar Plateau, Dakar, Sénégal"
3843,4,3,20,"Dakar Plateau, Dakar, Sénégal"
3844,2,1,50,"Parcelle Assainies, Dakar, Sénégal"
3845,2,3,150,"Mariste, Dakar, Sénégal"
3847,3,3,150,"Mamelles, Dakar, Sénégal"
3848,5,3,180,"Mamelles, Dakar, Sénégal"
3850,4,2,150,"Rufisque, Sénégal"
3851,2,2,100,"Mermoz-Sacré Coeur, Dakar, Sénégal"
3853,4,2,95,"Yoff, Dakar, Sénégal"
3854,4,3,200,"Dakar Plateau, Dakar, Sénégal"
3855,4,5,12,"Dakar Plateau, Dakar, Sénégal"
3856,2,1,12,"Dakar Plateau, Dakar, Sénégal"
3858,3,2,80,"Sicap foire, Dakar, Sénégal"
3859,2,2,65,"Point E, Dakar, Sénégal"
3860,4,4,190,"Point E, Dakar, Sénégal"
3861,4,5,260,"Point E, Dakar, Sénégal"
3864,3,2,75,"Sicap Liberté, Dakar, Sénégal"
3865,2,1,1,"Rufisque, Sénégal"
3866,3,3,120,"Sacré-Coeur, Dakar, Sénégal"
3868,4,3,140,"Sipres, Dakar, Sénégal"
3869,2,3,12,"Mamelles, Dakar, Sénégal"
3870,1,1,10,"Mamelles, Dakar, Sénégal"
3871,1,1,43,"Yoff, Dakar, Sénégal"
3872,4,5,12,"Dakar Plateau, Dakar, Sénégal"
3873,3,3,12,"Mermoz-Sacré Coeur, Dakar, Sénégal"
3874,4,4,138,"Yoff, Dakar, Sénégal"
3875,2,1,100,"Almadies, Dakar, Sénégal"
3878,4,3,120,"Mermoz-Sacré Coeur, Dakar, Sénégal"
3879,4,2,100,"Sipres, Dakar, Sénégal"
3880,4,5,12,"Dakar Plateau, Dakar, Sénégal"
3881,3,2,150,"Mariste, Dakar, Sénégal"
3882,4,2,300,"Yoff, Dakar, Sénégal"
3885,4,3,118,"Almadies, Dakar, Sénégal"
3886,3,2,1,"HLM, Dakar, Sénégal"
3891,3,4,150,"Ouest Foire, Dakar, Sénégal"
3892,4,3,118,"Almadies, Dakar, Sénégal"
3893,4,5,12,"Dakar Plateau, Dakar, Sénégal"
3895,4,3,12,"Sicap Liberté, Dakar, Sénégal"
3896,3,2,200,"Dakar, Sénégal"
3897,4,4,217,"Mamelles, Dakar, Sénégal"
3898,3,3,150,"Ouest Foire, Dakar, Sénégal"
3903,4,4,200,"Mermoz-Sacré Coeur, Dakar, Sénégal"
3904,4,3,210,"Ngor, Dakar, Sénégal"
3905,2,1,80,"Dakar, Sénégal"
3906,5,5,400,"Almadies, Dakar, Sénégal"
3907,4,4,250,"Almadies, Dakar, Sénégal"
3913,3,2,131,"Yoff, Dakar, Sénégal"
3916,3,2,80,"Sacré-Coeur, Dakar, Sénégal"
3921,4,3,100,"Mbao, Dakar, Sénégal"
3922,9,4,200,"Almadies, Dakar, Sénégal"
3924,3,1,90,"Dakar, Sénégal"
3926,3,2,200,"Dakar, Sénégal"
3929,2,2,100,"Yoff, Dakar, Sénégal"
3930,3,2,100,"Mariste, Dakar, Sénégal"
3932,4,2,100,"Dakar, Sénégal"
3933,3,3,145,"Mermoz-Sacré Coeur, Dakar, Sénégal"
3935,4,2,137,"Ngor, Dakar, Sénégal"
3944,3,2,170,"Sicap Liberté, Dakar, Sénégal"
3950,3,2,160,"Mamelles, Dakar, Sénégal"
3951,3,2,150,"Mamelles, Dakar, Sénégal"
3952,4,2,150,"Hann Bel-Air, Dakar, Sénégal"
3954,2,2,75,"Pikine, Sénégal"
3955,4,3,200,"Mariste, Dakar, Sénégal"
3957,3,3,250,"Dakar, Sénégal"
3958,3,2,120,"Dakar, Sénégal"
3960,4,4,170,"Yoff, Dakar, Sénégal"
3961,3,2,1,"Sicap Liberté, Dakar, Sénégal"
3962,4,3,190,"Almadies, Dakar, Sénégal"
3963,4,3,200,"Mariste, Dakar, Sénégal"
3966,2,1,100,"Ouakam, Dakar, Sénégal"
3971,4,5,12,"Dakar Plateau, Dakar, Sénégal"
3972,4,5,12,"Dakar Plateau, Dakar, Sénégal"
3976,3,2,115,"Almadies, Dakar, Sénégal"
3977,4,3,160,"Almadies, Dakar, Sénégal"
3982,4,5,12,"Dakar Plateau, Dakar, Sénégal"
3983,5,4,140,"Yoff, Dakar, Sénégal"
3985,4,3,138,"Yoff, Dakar, Sénégal"
3986,4,5,12,"Dakar Plateau, Dakar, Sénégal"
3987,4,3,200,"Sacré-Coeur, Dakar, Sénégal"
3990,3,2,100,"Mermoz-Sacré Coeur, Dakar, Sénégal"
3992,3,1,150,"Mariste, Dakar, Sénégal"
3993,1,1,25,"Rufisque, Sénégal"
3994,4,2,200,"Rufisque, Sénégal"
3995,3,3,120,"Sipres, Dakar, Sénégal"
3996,4,1,180,"Sicap Liberté, Dakar, Sénégal"
3997,4,4,200,"Almadies, Dakar, Sénégal"
4000,3,1,150,"Ouakam, Dakar, Sénégal"
4002,2,2,65,"Mamelles, Dakar, Sénégal"
4003,4,3,180,"Mermoz-Sacré Coeur, Dakar, Sénégal"
4004,4,4,140,"Yoff, Dakar, Sénégal"
4005,2,2,128,"Sicap foire, Dakar, Sénégal"
4006,3,2,132,"Sipres, Dakar, Sénégal"
4007,4,5,160,"Almadies, Dakar, Sénégal"
4009,2,2,128,"Almadies, Dakar, Sénégal"
4010,4,5,12,"Dakar Plateau, Dakar, Sénégal"
4012,2,1,65,"Point E, Dakar, Sénégal"
4013,1,2,120,"Ouakam, Dakar, Sénégal"
4019,2,2,70,"Dakar, Sénégal"
4021,7,6,300,"Damel, Dakar, Sénégal"
4022,3,3,93,"Dakar, Sénégal"
4024,4,4,130,"Dakar, Sénégal"
4026,3,2,130,"Yoff, Dakar, Sénégal"
4027,3,2,132,"Yoff, Dakar, Sénégal"
4028,4,5,12,"Dakar Plateau, Dakar, Sénégal"
4029,4,3,200,"Ngor, Dakar, Sénégal"
4030,3,2,80,"Mamelles, Dakar, Sénégal"
4032,3,2,100,"Mermoz-Sacré Coeur, Dakar, Sénégal"
4033,4,2,150,"Mamelles, Dakar, Sénégal"
4034,4,3,238,"Mermoz-Sacré Coeur, Dakar, Sénégal"
4036,4,3,250,"Ouakam, Dakar, Sénégal"
4037,4,3,143,"Almadies, Dakar, Sénégal"
4038,2,1,75,"Fann, Dakar, Sénégal"
4039,4,3,143,"Yoff, Dakar, Sénégal"
4041,2,2,65,"Mariste, Dakar, Sénégal"
4042,4,1,160,"Almadies 2, Dakar, Sénégal"
4043,2,1,120,"Dakar, Sénégal"
4044,2,2,120,"Dakar, Sénégal"
4045,4,3,150,"Dakar Plateau, Dakar, Sénégal"
4046,4,5,280,"Yoff, Dakar, Sénégal"
4047,4,4,145,"Mamelles, Dakar, Sénégal"
4048,4,2,150,"Mermoz-Sacré Coeur, Dakar, Sénégal"
4049,4,1,150,"Mbao, Dakar, Sénégal"
4050,2,2,88,"Mamelles, Dakar, Sénégal"
4051,4,3,180,"Mamelles, Dakar, Sénégal"
4052,3,2,120,"Sicap Liberté, Dakar, Sénégal"
4053,3,2,70,"Sicap Liberté, Dakar, Sénégal"
4054,4,4,140,"Mamelles, Dakar, Sénégal"
4055,4,3,200,"Yoff, Dakar, Sénégal"
4056,5,4,280,"Mamelles, Dakar, Sénégal"
4057,4,4,250,"Yoff, Dakar, Sénégal"
4058,4,5,241,"Yoff, Dakar, Sénégal"
4059,3,2,95,"Sicap Liberté, Dakar, Sénégal"
4060,4,5,245,"Yoff, Dakar, Sénégal"
4061,4,3,150,"Ouakam, Dakar, Sénégal"
4062,4,4,150,"Almadies, Dakar, Sénégal"
4063,4,4,130,"Mamelles, Dakar, Sénégal"
4064,4,1,135,"Dieuppeul-Derklé, Dakar, Sénégal"
4065,4,5,267,"Yoff, Dakar, Sénégal"
4066,4,1,130,"Sacré-Coeur, Dakar, Sénégal"
4067,4,4,140,"Mamelles, Dakar, Sénégal"
4068,5,5,283,"Almadies, Dakar, Sénégal"
4069,3,2,130,"Ouakam, Dakar, Sénégal"
4070,2,2,128,"Mamelles, Dakar, Sénégal"
4071,5,6,12,"Ouakam, Dakar, Sénégal"
4072,4,4,12,"Dakar Plateau, Dakar, Sénégal"
4073,4,1,137,"Ngor, Dakar, Sénégal"
4074,4,5,12,"Dakar Plateau, Dakar, Sénégal"
4075,4,4,265,"Almadies, Dakar, Sénégal"
4076,4,4,150,"Ngor, Dakar, Sénégal"
4077,3,2,80,"Mermoz-Sacré Coeur, Dakar, Sénégal"
4080,4,5,12,"Dakar Plateau, Dakar, Sénégal"
4081,4,5,238,"Point E, Dakar, Sénégal"
4083,4,3,138,"Yoff, Dakar, Sénégal"
4084,4,3,118,"Almadies, Dakar, Sénégal"
4086,4,5,12,"Dakar Plateau, Dakar, Sénégal"
4087,3,2,101,"Sicap Liberté, Dakar, Sénégal"
4089,4,5,245,"Yoff, Dakar, Sénégal"
4092,3,3,150,"Mamelles, Dakar, Sénégal"
4094,4,3,280,"Yoff, Dakar, Sénégal"
4096,3,2,98,"Ouest Foire, Dakar, Sénégal"
4097,1,1,50,"Sacré-Coeur, Dakar, Sénégal"
4098,5,5,320,"Almadies, Dakar, Sénégal"
4100,2,2,1,"Rufisque, Sénégal"
4102,4,3,160,"Sipres, Dakar, Sénégal"
4103,3,2,130,"Yoff, Dakar, Sénégal"
4104,4,5,100,"Mermoz-Sacré Coeur, Dakar, Sénégal"
4105,4,2,160,"Sacré-Coeur, Dakar, Sénégal"
4107,4,3,160,"Mamelles, Dakar, Sénégal"
4110,4,4,12,"Dakar Plateau, Dakar, Sénégal"
4113,4,3,187,"Sicap Liberté, Dakar, Sénégal"
4119,4,1,150,"Mbao, Dakar, Sénégal"
4120,4,2,157,"Mermoz-Sacré Coeur, Dakar, Sénégal"
4121,3,2,150,"Sicap foire, Dakar, Sénégal"
4122,4,3,138,"Sicap foire, Dakar, Sénégal"
4123,5,2,160,"Grand Yoff, Dakar, Sénégal"
4128,4,3,200,"Almadies, Dakar, Sénégal"
4129,4,2,1,"Mamelles, Dakar, Sénégal"
4130,2,1,127,"Sipres, Dakar, Sénégal"
4134,3,3,135,"Dakar Plateau, Dakar, Sénégal"
4135,4,4,193,"Dakar Plateau, Dakar, Sénégal"
4136,4,4,193,"Dakar Plateau, Dakar, Sénégal"
4137,6,5,285,"Dakar Plateau, Dakar, Sénégal"
4138,4,3,200,"Sicap Liberté, Dakar, Sénégal"
4139,2,1,5,"Sicap foire, Dakar, Sénégal"
4140,4,2,150,"Mermoz-Sacré Coeur, Dakar, Sénégal"
4143,3,3,134,"Mermoz-Sacré Coeur, Dakar, Sénégal"
4144,4,3,138,"Sacré-Coeur, Dakar, Sénégal"
4145,5,2,160,"Mamelles, Dakar, Sénégal"
4147,3,2,90,"Ouakam, Dakar, Sénégal"
4150,2,1,75,"Dakar, Sénégal"
4151,3,4,150,"Yoff, Dakar, Sénégal"
4152,2,2,140,"Yoff, Dakar, Sénégal"
4153,3,2,150,"Mbao, Dakar, Sénégal"
4154,2,2,150,"Ouakam, Dakar, Sénégal"
4155,3,3,140,"Almadies, Dakar, Sénégal"
4156,4,1,225,"Sicap Liberté, Dakar, Sénégal"
4157,4,3,160,"Mermoz-Sacré Coeur, Dakar, Sénégal"
4158,4,3,130,"Sicap Liberté, Dakar, Sénégal"
4159,4,5,225,"Almadies, Dakar, Sénégal"
